rental_id,customer_id,store_id,movie_title,category,rental_date,rental_fee,discount,final_fee,loyalty_points
1,CUST058,Downtown Store,Coco,Animation,2024-10-08,4.45,0.5,3.95,1
2,CUST280,Downtown Store,Doctor Strange,Action,2025-03-08,2.32,0.0,2.32,2
3,CUST259,Suburban Store,Aladdin,Family,2024-01-28,7.61,3.0,4.61,8
4,CUST230,Suburban Store,Aladdin,Family,2024-10-11,10.09,0.0,10.09,10
5,CUST217,Mall Store,Up,Family,2024-10-11,3.55,1.0,2.55,1
6,CUST195,Downtown Store,Joker,Drama,2025-01-02,10.47,2.0,8.47,12
7,CUST236,Suburban Store,Frozen II,Family,2024-05-07,11.73,1.5,10.23,5
8,CUST151,Suburban Store,The Matrix,Sci-Fi,2025-01-05,7.77,3.0,4.77,2
9,CUST117,Mall Store,Frozen II,Family,2024-03-22,10.55,0.0,10.55,20
10,CUST233,Suburban Store,It Chapter Two,Horror,2025-01-08,3.63,1.0,2.63,2
11,CUST137,Suburban Store,Doctor Strange,Action,2024-03-14,8.09,0.5,7.59,6
12,CUST237,Mall Store,Spider-Man: Far From Home,Action,2024-10-03,11.9,3.0,8.9,8
13,CUST167,Downtown Store,Doctor Strange,Action,2024-08-22,10.22,1.0,9.22,16
14,CUST034,Downtown Store,It Chapter Two,Horror,2025-08-03,10.76,1.0,9.76,8
15,CUST256,Mall Store,Coco,Animation,2025-04-14,3.43,0.5,2.93,2
16,CUST288,Suburban Store,Guardians of the Galaxy,Action,2024-09-26,9.47,1.5,7.970000000000001,12
17,CUST113,Downtown Store,Inception,Sci-Fi,2025-06-05,6.94,0.0,6.94,3
18,CUST082,Suburban Store,Toy Story 4,Animation,2025-03-08,7.96,1.5,6.46,12
19,CUST240,Suburban Store,Moana,Family,2024-09-14,11.71,0.0,11.71,5
20,CUST275,Mall Store,Doctor Strange,Action,2024-12-14,3.12,1.5,1.62,0
21,CUST002,Suburban Store,Finding Nemo,Family,2024-09-26,11.72,0.5,11.22,5
22,CUST153,Suburban Store,Coco,Animation,2025-06-03,8.09,0.5,7.59,9
23,CUST083,Suburban Store,Inside Out,Animation,2025-06-27,11.18,2.0,9.18,12
24,CUST010,Downtown Store,Shrek,Animation,2025-01-06,10.79,1.0,9.79,8
25,CUST124,Suburban Store,Frozen II,Family,2024-03-21,2.86,1.5,1.3599999999999999,0
26,CUST273,Downtown Store,Inside Out,Animation,2024-05-11,8.6,2.0,6.6,6
27,CUST271,Suburban Store,It Chapter Two,Horror,2025-03-09,11.64,2.0,9.64,8
28,CUST160,Mall Store,Up,Family,2025-01-17,6.38,2.0,4.38,8
29,CUST127,Downtown Store,The Lion King,Family,2024-03-06,5.38,2.0,3.38,2
30,CUST113,Downtown Store,Black Panther,Action,2024-03-13,9.08,0.0,9.08,8
31,CUST017,Mall Store,Joker,Drama,2024-03-13,7.14,1.0,6.14,12
32,CUST277,Downtown Store,Captain Marvel,Action,2025-08-07,7.76,0.5,7.26,12
33,CUST098,Downtown Store,The Dark Knight,Action,2024-04-09,8.59,1.0,7.59,12
34,CUST240,Suburban Store,The Dark Knight,Action,2024-02-25,8.73,3.0,5.73,2
35,CUST207,Suburban Store,Frozen II,Family,2024-12-13,10.01,0.0,10.01,10
36,CUST098,Suburban Store,Captain Marvel,Action,2025-04-04,3.4,0.5,2.9,3
37,CUST128,Downtown Store,Finding Nemo,Family,2025-03-29,10.08,2.0,8.08,4
38,CUST277,Downtown Store,Frozen II,Family,2024-04-05,11.26,0.5,10.76,10
39,CUST249,Mall Store,The Dark Knight,Action,2024-08-06,10.65,0.0,10.65,10
40,CUST002,Mall Store,Titanic,Romance,2024-09-28,11.27,1.5,9.77,12
41,CUST285,Suburban Store,The Dark Knight,Action,2025-05-13,3.55,1.0,2.55,2
42,CUST297,Suburban Store,Frozen II,Family,2025-07-09,2.61,1.0,1.6099999999999999,0
43,CUST300,Mall Store,Frozen II,Family,2025-05-29,11.19,2.0,9.19,8
44,CUST261,Downtown Store,Frozen II,Family,2024-07-09,2.69,0.0,2.69,2
45,CUST062,Suburban Store,Titanic,Romance,2024-09-09,7.79,0.0,7.79,3
46,CUST299,Suburban Store,The Dark Knight,Action,2025-06-19,5.16,1.0,4.16,4
47,CUST161,Downtown Store,Doctor Strange,Action,2024-09-28,5.96,3.0,2.96,3
48,CUST162,Downtown Store,Finding Nemo,Family,2024-01-10,6.58,2.0,4.58,2
49,CUST276,Downtown Store,Joker,Drama,2025-06-02,4.65,1.0,3.6500000000000004,1
50,CUST190,Mall Store,Aladdin,Family,2024-06-10,6.38,2.0,4.38,6
51,CUST271,Downtown Store,Moana,Family,2025-07-21,4.99,3.0,1.9900000000000002,0
52,CUST136,Downtown Store,Toy Story 4,Animation,2024-04-19,9.42,0.5,8.92,12
53,CUST108,Suburban Store,John Wick 3,Action,2024-12-17,4.04,3.0,1.04,0
54,CUST251,Mall Store,Minions,Animation,2024-02-22,2.92,1.5,1.42,0
55,CUST002,Mall Store,Frozen II,Family,2024-05-13,8.37,1.0,7.369999999999999,6
56,CUST227,Suburban Store,Guardians of the Galaxy,Action,2025-03-13,7.61,0.0,7.61,3
57,CUST077,Suburban Store,Up,Family,2024-02-06,10.35,2.0,8.35,8
58,CUST066,Downtown Store,The Dark Knight,Action,2024-11-11,5.65,0.0,5.65,6
59,CUST128,Suburban Store,Captain Marvel,Action,2024-04-15,5.54,2.0,3.54,4
60,CUST080,Downtown Store,Moana,Family,2024-06-15,11.76,0.5,11.26,20
61,CUST092,Suburban Store,Avengers: Endgame,Action,2024-12-06,9.82,1.5,8.32,8
62,CUST082,Suburban Store,It Chapter Two,Horror,2024-04-20,5.83,0.0,5.83,8
63,CUST103,Mall Store,Aladdin,Family,2024-12-24,5.05,0.5,4.55,4
64,CUST099,Mall Store,Avengers: Endgame,Action,2024-12-02,4.79,0.0,4.79,6
65,CUST261,Mall Store,Inception,Sci-Fi,2025-07-03,5.31,0.0,5.31,2
66,CUST092,Suburban Store,It Chapter Two,Horror,2024-09-28,2.38,2.0,0.3799999999999999,0
67,CUST161,Mall Store,Inception,Sci-Fi,2025-06-07,3.16,2.0,1.1600000000000001,0
68,CUST023,Suburban Store,It Chapter Two,Horror,2025-03-22,2.02,2.0,0.020000000000000018,0
69,CUST221,Downtown Store,Inception,Sci-Fi,2024-12-04,8.23,3.0,5.23,2
70,CUST154,Suburban Store,Guardians of the Galaxy,Action,2024-11-12,8.67,1.0,7.67,12
71,CUST152,Suburban Store,Up,Family,2024-05-10,3.92,3.0,0.9199999999999999,0
72,CUST090,Suburban Store,Doctor Strange,Action,2025-08-05,5.01,2.0,3.01,1
73,CUST147,Downtown Store,John Wick 3,Action,2025-03-16,9.86,2.0,7.859999999999999,9
74,CUST227,Mall Store,Finding Nemo,Family,2024-08-06,7.11,3.0,4.11,4
75,CUST044,Mall Store,Doctor Strange,Action,2025-06-11,8.64,2.0,6.640000000000001,9
76,CUST121,Suburban Store,Joker,Drama,2024-11-13,4.25,0.5,3.75,2
77,CUST024,Downtown Store,Avengers: Endgame,Action,2025-05-01,8.11,0.0,8.11,16
78,CUST295,Downtown Store,The Dark Knight,Action,2025-01-28,6.94,0.5,6.44,6
79,CUST003,Downtown Store,Coco,Animation,2025-03-11,4.19,3.0,1.1900000000000004,0
80,CUST286,Downtown Store,Frozen II,Family,2024-05-04,6.56,1.5,5.06,6
81,CUST227,Suburban Store,Inside Out,Animation,2025-05-31,6.27,2.0,4.27,8
82,CUST244,Mall Store,Spider-Man: Far From Home,Action,2024-09-22,9.52,3.0,6.52,9
83,CUST267,Mall Store,Inside Out,Animation,2024-09-01,4.75,0.0,4.75,6
84,CUST140,Mall Store,Aladdin,Family,2024-11-23,10.93,0.0,10.93,10
85,CUST119,Mall Store,Toy Story 4,Animation,2024-06-05,9.06,0.0,9.06,16
86,CUST170,Suburban Store,The Dark Knight,Action,2025-04-22,6.16,0.5,5.66,8
87,CUST300,Suburban Store,Titanic,Romance,2024-01-21,10.57,2.0,8.57,16
88,CUST004,Mall Store,Shrek,Animation,2024-11-01,9.53,1.5,8.03,8
89,CUST113,Mall Store,Shrek,Animation,2025-03-22,6.86,1.5,5.36,6
90,CUST208,Suburban Store,Doctor Strange,Action,2024-06-18,10.41,0.5,9.91,4
91,CUST289,Suburban Store,Titanic,Romance,2024-01-28,2.84,1.5,1.3399999999999999,0
92,CUST094,Downtown Store,Finding Nemo,Family,2024-09-23,5.79,0.5,5.29,8
93,CUST173,Mall Store,Zootopia,Animation,2024-10-11,9.52,1.5,8.02,12
94,CUST241,Downtown Store,Joker,Drama,2025-07-06,2.52,1.0,1.52,0
95,CUST036,Suburban Store,Coco,Animation,2024-02-11,9.54,0.5,9.04,8
96,CUST079,Downtown Store,Avengers: Endgame,Action,2024-05-09,6.74,0.0,6.74,6
97,CUST132,Mall Store,Finding Nemo,Family,2024-06-20,8.06,3.0,5.0600000000000005,2
98,CUST084,Mall Store,Inside Out,Animation,2024-04-20,7.79,1.0,6.79,12
99,CUST102,Downtown Store,Titanic,Romance,2024-09-05,3.02,1.0,2.02,1
100,CUST022,Mall Store,Black Panther,Action,2025-06-29,6.28,1.0,5.28,2
101,CUST175,Downtown Store,Minions,Animation,2025-03-06,10.22,0.0,10.22,20
102,CUST236,Suburban Store,Inception,Sci-Fi,2024-06-05,6.35,3.0,3.3499999999999996,3
103,CUST276,Mall Store,Moana,Family,2025-04-21,6.36,3.0,3.3600000000000003,3
104,CUST126,Downtown Store,Zootopia,Animation,2024-10-12,10.82,0.5,10.32,20
105,CUST195,Mall Store,Black Panther,Action,2024-01-30,6.94,1.0,5.94,4
106,CUST109,Mall Store,Shrek,Animation,2024-09-21,5.4,2.0,3.4000000000000004,3
107,CUST006,Suburban Store,The Matrix,Sci-Fi,2024-07-14,2.86,3.0,0.0,0
108,CUST285,Downtown Store,Shrek,Animation,2025-05-02,8.46,1.5,6.960000000000001,12
109,CUST048,Mall Store,Avengers: Endgame,Action,2024-08-14,6.04,0.5,5.54,6
110,CUST298,Mall Store,Doctor Strange,Action,2025-04-29,7.53,1.0,6.53,12
111,CUST282,Mall Store,Guardians of the Galaxy,Action,2024-12-26,9.03,1.0,8.03,12
112,CUST119,Downtown Store,It Chapter Two,Horror,2024-07-16,5.16,3.0,2.16,2
113,CUST111,Suburban Store,Captain Marvel,Action,2025-05-10,4.76,2.0,2.76,3
114,CUST100,Mall Store,The Lion King,Family,2024-08-20,5.61,1.0,4.61,2
115,CUST274,Downtown Store,Up,Family,2024-10-07,2.46,0.0,2.46,3
116,CUST065,Suburban Store,Up,Family,2025-05-17,3.03,0.0,3.03,3
117,CUST246,Mall Store,Shrek,Animation,2024-12-14,3.84,0.0,3.84,3
118,CUST059,Downtown Store,Shrek,Animation,2025-02-14,6.92,2.0,4.92,2
119,CUST077,Suburban Store,Toy Story 4,Animation,2024-11-07,2.85,0.5,2.35,1
120,CUST214,Suburban Store,The Matrix,Sci-Fi,2024-08-19,9.76,1.5,8.26,16
121,CUST153,Suburban Store,Finding Nemo,Family,2025-03-15,5.05,2.0,3.05,1
122,CUST051,Downtown Store,Moana,Family,2024-08-04,4.65,0.0,4.65,4
123,CUST089,Suburban Store,Aladdin,Family,2024-03-17,3.57,1.5,2.07,4
124,CUST241,Mall Store,Up,Family,2024-02-03,4.31,3.0,1.3099999999999996,0
125,CUST233,Downtown Store,Up,Family,2024-08-27,11.24,3.0,8.24,8
126,CUST059,Suburban Store,The Dark Knight,Action,2024-08-18,8.48,1.0,7.48,6
127,CUST031,Downtown Store,Joker,Drama,2024-11-10,7.95,2.0,5.95,6
128,CUST064,Mall Store,Finding Nemo,Family,2024-11-07,9.0,1.0,8.0,16
129,CUST042,Suburban Store,Finding Nemo,Family,2024-02-10,10.89,3.0,7.890000000000001,9
130,CUST129,Downtown Store,Moana,Family,2024-04-03,4.29,3.0,1.29,0
131,CUST138,Suburban Store,Inside Out,Animation,2024-02-11,9.63,0.5,9.13,16
132,CUST227,Mall Store,Minions,Animation,2024-07-04,11.97,1.5,10.47,20
133,CUST241,Mall Store,Joker,Drama,2025-02-22,5.33,3.0,2.33,1
134,CUST169,Mall Store,Spider-Man: Far From Home,Action,2025-05-22,4.88,1.5,3.38,1
135,CUST046,Mall Store,Finding Nemo,Family,2024-09-15,5.23,1.5,3.7300000000000004,1
136,CUST278,Mall Store,Doctor Strange,Action,2025-02-27,2.54,2.0,0.54,0
137,CUST256,Suburban Store,Moana,Family,2025-03-28,9.6,0.5,9.1,12
138,CUST068,Mall Store,The Matrix,Sci-Fi,2025-03-24,10.81,1.5,9.31,4
139,CUST123,Suburban Store,Avengers: Endgame,Action,2024-06-11,5.11,0.0,5.11,8
140,CUST116,Downtown Store,Joker,Drama,2025-04-17,11.47,3.0,8.47,8
141,CUST150,Suburban Store,Shrek,Animation,2024-10-06,6.15,1.5,4.65,8
142,CUST234,Suburban Store,Aladdin,Family,2024-05-28,5.84,2.0,3.84,2
143,CUST142,Mall Store,Joker,Drama,2024-12-14,11.34,2.0,9.34,12
144,CUST145,Suburban Store,Avengers: Endgame,Action,2024-11-01,10.37,2.0,8.37,16
145,CUST229,Suburban Store,Toy Story 4,Animation,2025-05-10,5.45,2.0,3.45,4
146,CUST165,Downtown Store,Finding Nemo,Family,2024-09-01,7.72,0.5,7.22,12
147,CUST163,Suburban Store,Frozen II,Family,2025-04-29,9.05,1.5,7.550000000000001,12
148,CUST078,Mall Store,Doctor Strange,Action,2024-02-07,3.26,2.0,1.2599999999999998,0
149,CUST226,Downtown Store,The Lion King,Family,2025-06-22,11.1,0.0,11.1,10
150,CUST080,Downtown Store,The Dark Knight,Action,2025-04-25,9.82,1.0,8.82,12
151,CUST204,Suburban Store,Moana,Family,2024-03-23,10.52,3.0,7.52,12
152,CUST250,Suburban Store,Zootopia,Animation,2024-02-06,8.17,0.5,7.67,9
153,CUST047,Mall Store,Aladdin,Family,2024-04-10,9.6,3.0,6.6,3
154,CUST086,Suburban Store,Finding Nemo,Family,2024-11-02,11.03,0.0,11.03,15
155,CUST151,Mall Store,Frozen II,Family,2025-01-18,6.31,0.5,5.81,8
156,CUST093,Downtown Store,Black Panther,Action,2024-06-28,2.79,1.5,1.29,0
157,CUST299,Downtown Store,Shrek,Animation,2024-08-25,6.61,1.0,5.61,8
158,CUST005,Mall Store,It Chapter Two,Horror,2024-10-21,8.78,0.5,8.28,4
159,CUST177,Suburban Store,Finding Nemo,Family,2024-11-02,8.39,1.5,6.890000000000001,9
160,CUST155,Downtown Store,Finding Nemo,Family,2025-01-28,10.53,0.0,10.53,10
161,CUST293,Mall Store,Titanic,Romance,2025-08-11,4.96,3.0,1.96,0
162,CUST203,Mall Store,Avengers: Endgame,Action,2024-01-09,7.66,3.0,4.66,2
163,CUST255,Mall Store,Moana,Family,2024-08-23,8.07,1.0,7.07,6
164,CUST098,Suburban Store,Coco,Animation,2024-09-13,8.78,3.0,5.779999999999999,4
165,CUST050,Suburban Store,Coco,Animation,2024-02-10,5.09,1.5,3.59,1
166,CUST187,Suburban Store,Black Panther,Action,2024-05-14,2.9,1.0,1.9,0
167,CUST213,Downtown Store,Guardians of the Galaxy,Action,2024-07-24,3.32,2.0,1.3199999999999998,0
168,CUST257,Mall Store,Minions,Animation,2024-06-17,4.57,1.5,3.0700000000000003,3
169,CUST174,Downtown Store,Guardians of the Galaxy,Action,2025-04-24,11.63,0.5,11.13,10
170,CUST204,Suburban Store,Doctor Strange,Action,2025-01-09,2.9,1.5,1.4,0
171,CUST275,Downtown Store,It Chapter Two,Horror,2025-04-10,5.69,3.0,2.6900000000000004,3
172,CUST196,Suburban Store,Black Panther,Action,2025-01-15,3.08,0.5,2.58,4
173,CUST288,Mall Store,Avengers: Endgame,Action,2024-08-14,8.48,3.0,5.48,8
174,CUST155,Suburban Store,Up,Family,2025-02-22,3.17,0.0,3.17,1
175,CUST253,Downtown Store,John Wick 3,Action,2024-04-09,4.35,2.0,2.3499999999999996,2
176,CUST233,Mall Store,Titanic,Romance,2025-07-07,6.19,3.0,3.1900000000000004,2
177,CUST051,Mall Store,The Dark Knight,Action,2025-02-21,11.39,1.0,10.39,5
178,CUST190,Downtown Store,Up,Family,2025-03-30,6.45,0.5,5.95,6
179,CUST189,Suburban Store,The Lion King,Family,2025-01-02,2.61,1.0,1.6099999999999999,0
180,CUST233,Downtown Store,The Lion King,Family,2024-08-05,8.42,2.0,6.42,3
181,CUST171,Downtown Store,Frozen II,Family,2024-05-08,9.87,0.5,9.37,4
182,CUST284,Downtown Store,Inside Out,Animation,2025-08-23,4.16,0.5,3.66,3
183,CUST076,Suburban Store,Inside Out,Animation,2024-01-03,4.77,0.5,4.27,4
184,CUST129,Downtown Store,The Matrix,Sci-Fi,2024-04-22,8.61,0.0,8.61,8
185,CUST184,Downtown Store,Avengers: Endgame,Action,2024-11-27,2.16,1.0,1.1600000000000001,0
186,CUST216,Suburban Store,Toy Story 4,Animation,2024-04-26,9.46,1.5,7.960000000000001,12
187,CUST186,Suburban Store,Inside Out,Animation,2024-04-21,6.52,0.5,6.02,3
188,CUST267,Mall Store,Guardians of the Galaxy,Action,2025-04-14,8.43,0.0,8.43,4
189,CUST206,Mall Store,Shrek,Animation,2024-04-20,6.9,1.5,5.4,2
190,CUST165,Suburban Store,Joker,Drama,2024-05-31,2.66,1.0,1.6600000000000001,0
191,CUST272,Mall Store,Titanic,Romance,2025-04-09,7.06,1.5,5.56,2
192,CUST059,Suburban Store,Up,Family,2025-07-18,9.21,0.5,8.71,16
193,CUST117,Mall Store,Finding Nemo,Family,2024-12-13,10.27,1.5,8.77,16
194,CUST049,Mall Store,Guardians of the Galaxy,Action,2025-03-13,5.13,1.0,4.13,6
195,CUST243,Downtown Store,Toy Story 4,Animation,2024-04-03,10.32,0.0,10.32,20
196,CUST191,Downtown Store,The Lion King,Family,2025-07-23,2.6,2.0,0.6000000000000001,0
197,CUST063,Mall Store,Doctor Strange,Action,2024-12-28,10.74,1.5,9.24,4
198,CUST160,Mall Store,John Wick 3,Action,2024-04-16,7.78,0.5,7.28,6
199,CUST247,Downtown Store,Doctor Strange,Action,2024-04-20,5.5,2.0,3.5,3
200,CUST143,Suburban Store,The Lion King,Family,2024-08-19,10.07,2.0,8.07,4
201,CUST137,Downtown Store,Moana,Family,2024-07-03,4.73,1.0,3.7300000000000004,3
202,CUST004,Downtown Store,Inception,Sci-Fi,2024-05-26,7.66,1.5,6.16,3
203,CUST016,Downtown Store,Toy Story 4,Animation,2025-06-27,4.15,1.5,2.6500000000000004,4
204,CUST081,Mall Store,Zootopia,Animation,2024-11-15,9.22,2.0,7.220000000000001,3
205,CUST080,Downtown Store,Frozen II,Family,2024-02-20,8.74,1.0,7.74,12
206,CUST218,Mall Store,Doctor Strange,Action,2025-03-28,6.14,0.5,5.64,2
207,CUST221,Downtown Store,Inception,Sci-Fi,2024-10-17,8.78,2.0,6.779999999999999,12
208,CUST158,Downtown Store,Minions,Animation,2024-08-13,5.95,2.0,3.95,1
209,CUST105,Mall Store,Avengers: Endgame,Action,2024-08-04,9.67,1.0,8.67,12
210,CUST062,Downtown Store,Zootopia,Animation,2025-05-24,9.47,0.5,8.97,8
211,CUST273,Suburban Store,Titanic,Romance,2024-08-23,7.0,3.0,4.0,6
212,CUST204,Suburban Store,Joker,Drama,2024-02-13,6.36,1.5,4.86,2
213,CUST295,Mall Store,Zootopia,Animation,2025-08-10,6.04,3.0,3.04,4
214,CUST059,Mall Store,John Wick 3,Action,2024-01-22,11.66,0.5,11.16,20
215,CUST186,Downtown Store,Up,Family,2025-03-23,10.44,0.5,9.94,16
216,CUST206,Suburban Store,Black Panther,Action,2024-03-21,5.96,1.0,4.96,6
217,CUST171,Downtown Store,Aladdin,Family,2024-03-19,7.1,0.0,7.1,6
218,CUST179,Mall Store,Inside Out,Animation,2024-05-31,4.36,0.5,3.8600000000000003,3
219,CUST089,Suburban Store,Captain Marvel,Action,2024-06-05,9.6,3.0,6.6,3
220,CUST253,Mall Store,Spider-Man: Far From Home,Action,2025-07-31,9.6,1.5,8.1,12
221,CUST162,Downtown Store,Coco,Animation,2025-03-26,2.68,1.5,1.1800000000000002,0
222,CUST029,Mall Store,It Chapter Two,Horror,2025-06-03,2.74,1.5,1.2400000000000002,0
223,CUST030,Mall Store,Frozen II,Family,2024-10-20,2.77,0.0,2.77,4
224,CUST298,Suburban Store,Finding Nemo,Family,2024-02-12,6.5,2.0,4.5,4
225,CUST244,Suburban Store,Zootopia,Animation,2024-06-03,11.58,1.5,10.08,5
226,CUST044,Suburban Store,Zootopia,Animation,2024-06-25,2.39,3.0,0.0,0
227,CUST269,Suburban Store,Finding Nemo,Family,2024-06-11,5.64,1.0,4.64,8
228,CUST174,Suburban Store,The Dark Knight,Action,2024-02-23,9.89,3.0,6.890000000000001,9
229,CUST169,Downtown Store,Joker,Drama,2025-07-25,8.78,1.0,7.779999999999999,9
230,CUST077,Mall Store,Guardians of the Galaxy,Action,2024-03-24,7.83,0.5,7.33,9
231,CUST201,Downtown Store,John Wick 3,Action,2024-03-27,5.1,1.5,3.5999999999999996,3
232,CUST270,Downtown Store,Toy Story 4,Animation,2025-03-09,7.08,0.0,7.08,9
233,CUST093,Downtown Store,John Wick 3,Action,2024-12-15,11.48,1.5,9.98,8
234,CUST071,Downtown Store,Aladdin,Family,2024-03-20,4.96,0.0,4.96,2
235,CUST173,Suburban Store,Doctor Strange,Action,2024-05-14,7.97,0.5,7.47,6
236,CUST085,Suburban Store,Spider-Man: Far From Home,Action,2025-03-24,2.44,1.0,1.44,0
237,CUST146,Suburban Store,Finding Nemo,Family,2025-04-04,4.34,0.5,3.84,3
238,CUST100,Mall Store,Shrek,Animation,2025-08-07,11.84,1.5,10.34,15
239,CUST196,Suburban Store,Inside Out,Animation,2025-06-24,6.19,0.5,5.69,4
240,CUST071,Mall Store,Moana,Family,2024-02-23,8.41,1.0,7.41,3
241,CUST265,Downtown Store,Up,Family,2024-10-18,2.84,0.5,2.34,3
242,CUST263,Downtown Store,Finding Nemo,Family,2025-03-23,2.92,0.5,2.42,4
243,CUST014,Mall Store,Inception,Sci-Fi,2024-02-24,5.96,1.0,4.96,4
244,CUST042,Mall Store,Titanic,Romance,2024-08-17,2.28,0.0,2.28,3
245,CUST071,Downtown Store,Toy Story 4,Animation,2024-10-20,11.17,1.5,9.67,8
246,CUST241,Mall Store,Inside Out,Animation,2024-01-06,11.06,0.0,11.06,15
247,CUST077,Suburban Store,Captain Marvel,Action,2025-06-24,6.23,1.0,5.23,4
248,CUST063,Downtown Store,John Wick 3,Action,2024-09-01,6.2,2.0,4.2,8
249,CUST057,Mall Store,Joker,Drama,2025-07-02,2.16,2.0,0.16000000000000014,0
250,CUST074,Mall Store,Up,Family,2025-03-15,2.02,1.0,1.02,0
251,CUST214,Downtown Store,Black Panther,Action,2024-03-28,7.23,1.0,6.23,3
252,CUST279,Suburban Store,Minions,Animation,2025-06-03,7.54,1.5,6.04,12
253,CUST199,Mall Store,Frozen II,Family,2024-09-16,9.47,1.0,8.47,4
254,CUST124,Suburban Store,Inception,Sci-Fi,2024-04-16,9.72,3.0,6.720000000000001,9
255,CUST023,Mall Store,Toy Story 4,Animation,2025-07-13,5.39,3.0,2.3899999999999997,2
256,CUST238,Suburban Store,Inside Out,Animation,2025-05-05,8.32,0.5,7.82,3
257,CUST235,Downtown Store,Up,Family,2024-10-27,4.02,0.5,3.5199999999999996,1
258,CUST159,Suburban Store,Zootopia,Animation,2025-02-11,11.89,2.0,9.89,16
259,CUST019,Suburban Store,It Chapter Two,Horror,2024-07-14,4.86,0.0,4.86,6
260,CUST064,Mall Store,It Chapter Two,Horror,2025-03-23,10.89,3.0,7.890000000000001,12
261,CUST174,Downtown Store,Titanic,Romance,2025-05-23,8.92,1.0,7.92,9
262,CUST218,Downtown Store,Joker,Drama,2025-03-16,8.02,0.5,7.52,9
263,CUST053,Downtown Store,Zootopia,Animation,2024-12-01,8.61,1.0,7.609999999999999,12
264,CUST219,Downtown Store,Moana,Family,2025-03-30,5.52,0.0,5.52,6
265,CUST223,Mall Store,Moana,Family,2024-02-28,2.75,3.0,0.0,0
266,CUST263,Suburban Store,Inception,Sci-Fi,2024-06-12,11.53,0.5,11.03,20
267,CUST065,Downtown Store,Frozen II,Family,2024-08-29,9.79,1.0,8.79,12
268,CUST291,Downtown Store,Titanic,Romance,2024-06-06,8.79,1.0,7.789999999999999,9
269,CUST040,Suburban Store,Finding Nemo,Family,2024-05-20,7.29,1.5,5.79,6
270,CUST143,Downtown Store,Coco,Animation,2024-04-26,2.26,0.5,1.7599999999999998,0
271,CUST199,Suburban Store,Minions,Animation,2024-04-30,4.62,1.0,3.62,4
272,CUST147,Suburban Store,Captain Marvel,Action,2025-05-17,4.0,0.5,3.5,1
273,CUST089,Suburban Store,Finding Nemo,Family,2025-03-31,11.97,3.0,8.97,12
274,CUST178,Suburban Store,Doctor Strange,Action,2024-03-07,7.5,1.0,6.5,9
275,CUST090,Mall Store,Spider-Man: Far From Home,Action,2025-06-04,4.24,0.5,3.74,2
276,CUST253,Downtown Store,Aladdin,Family,2025-01-04,7.54,1.0,6.54,12
277,CUST067,Suburban Store,The Matrix,Sci-Fi,2024-03-29,2.66,1.5,1.1600000000000001,0
278,CUST211,Mall Store,Minions,Animation,2025-08-11,2.74,1.0,1.7400000000000002,0
279,CUST239,Suburban Store,Finding Nemo,Family,2025-06-13,5.45,2.0,3.45,2
280,CUST067,Mall Store,Inside Out,Animation,2025-05-29,11.11,0.0,11.11,5
281,CUST079,Mall Store,Minions,Animation,2024-06-17,3.62,3.0,0.6200000000000001,0
282,CUST266,Mall Store,Inception,Sci-Fi,2024-03-21,4.51,3.0,1.5099999999999998,0
283,CUST156,Suburban Store,Toy Story 4,Animation,2025-06-30,2.93,3.0,0.0,0
284,CUST298,Downtown Store,Black Panther,Action,2024-06-24,8.59,3.0,5.59,6
285,CUST022,Downtown Store,Black Panther,Action,2024-03-24,2.45,3.0,0.0,0
286,CUST108,Suburban Store,Coco,Animation,2025-03-02,8.18,0.0,8.18,16
287,CUST280,Mall Store,Coco,Animation,2024-11-05,6.83,3.0,3.83,4
288,CUST233,Downtown Store,John Wick 3,Action,2024-03-02,3.58,1.5,2.08,4
289,CUST105,Mall Store,Finding Nemo,Family,2024-05-27,5.13,3.0,2.13,3
290,CUST177,Mall Store,Guardians of the Galaxy,Action,2024-05-13,9.61,2.0,7.609999999999999,3
291,CUST124,Mall Store,Zootopia,Animation,2024-05-05,4.67,0.5,4.17,4
292,CUST026,Mall Store,The Lion King,Family,2025-01-28,10.64,1.5,9.14,8
293,CUST168,Suburban Store,Spider-Man: Far From Home,Action,2024-11-16,3.9,0.5,3.4,4
294,CUST240,Mall Store,Minions,Animation,2024-11-11,6.97,0.0,6.97,12
295,CUST235,Downtown Store,Minions,Animation,2024-08-08,7.83,0.0,7.83,3
296,CUST254,Suburban Store,John Wick 3,Action,2025-04-26,4.86,0.0,4.86,2
297,CUST069,Mall Store,The Dark Knight,Action,2025-01-09,9.64,1.0,8.64,4
298,CUST027,Suburban Store,Titanic,Romance,2025-07-29,3.95,2.0,1.9500000000000002,0
299,CUST198,Suburban Store,Joker,Drama,2025-04-06,9.64,1.0,8.64,4
300,CUST050,Mall Store,Toy Story 4,Animation,2025-01-17,9.95,1.0,8.95,12
301,CUST074,Downtown Store,Inside Out,Animation,2025-06-05,6.01,0.0,6.01,3
302,CUST071,Suburban Store,Frozen II,Family,2024-12-07,10.04,2.0,8.04,16
303,CUST264,Downtown Store,Toy Story 4,Animation,2024-12-01,11.31,1.0,10.31,10
304,CUST154,Suburban Store,Titanic,Romance,2024-12-10,7.07,2.0,5.07,8
305,CUST289,Mall Store,Up,Family,2025-05-01,10.16,1.0,9.16,12
306,CUST057,Mall Store,Doctor Strange,Action,2025-08-20,5.08,3.0,2.08,1
307,CUST243,Mall Store,Moana,Family,2025-08-15,7.78,3.0,4.78,2
308,CUST246,Downtown Store,Black Panther,Action,2025-06-20,8.29,2.0,6.289999999999999,12
309,CUST125,Downtown Store,Toy Story 4,Animation,2025-08-09,11.48,0.0,11.48,10
310,CUST226,Mall Store,Avengers: Endgame,Action,2025-03-04,3.51,3.0,0.5099999999999998,0
311,CUST257,Suburban Store,The Dark Knight,Action,2025-04-27,10.73,3.0,7.73,3
312,CUST071,Suburban Store,Up,Family,2024-07-31,7.61,3.0,4.61,8
313,CUST193,Mall Store,Minions,Animation,2024-06-26,6.6,2.0,4.6,6
314,CUST182,Suburban Store,The Matrix,Sci-Fi,2024-09-27,8.1,0.5,7.6,6
315,CUST286,Mall Store,It Chapter Two,Horror,2024-08-18,11.41,1.0,10.41,15
316,CUST107,Suburban Store,Up,Family,2025-05-15,5.17,1.0,4.17,6
317,CUST063,Suburban Store,John Wick 3,Action,2025-07-10,5.8,1.5,4.3,6
318,CUST075,Mall Store,Inside Out,Animation,2024-02-13,4.88,3.0,1.88,0
319,CUST227,Suburban Store,Inception,Sci-Fi,2024-09-19,9.47,0.5,8.97,8
320,CUST139,Suburban Store,The Matrix,Sci-Fi,2024-10-05,3.37,2.0,1.37,0
321,CUST026,Suburban Store,Aladdin,Family,2025-06-27,4.26,0.5,3.76,1
322,CUST212,Mall Store,The Lion King,Family,2025-04-28,3.01,0.5,2.51,1
323,CUST081,Mall Store,The Matrix,Sci-Fi,2025-05-02,6.77,0.5,6.27,9
324,CUST147,Suburban Store,Zootopia,Animation,2024-03-01,11.08,0.0,11.08,10
325,CUST020,Downtown Store,The Matrix,Sci-Fi,2025-03-03,10.82,0.5,10.32,5
326,CUST254,Downtown Store,Titanic,Romance,2024-10-23,10.77,0.0,10.77,15
327,CUST055,Mall Store,Black Panther,Action,2024-10-18,6.54,3.0,3.54,4
328,CUST259,Mall Store,Toy Story 4,Animation,2024-10-06,3.93,0.0,3.93,3
329,CUST235,Suburban Store,Spider-Man: Far From Home,Action,2024-09-20,9.19,0.0,9.19,12
330,CUST291,Suburban Store,John Wick 3,Action,2024-07-16,3.75,3.0,0.75,0
331,CUST264,Mall Store,The Dark Knight,Action,2024-03-29,6.01,0.0,6.01,6
332,CUST245,Mall Store,Toy Story 4,Animation,2024-09-11,2.07,1.5,0.5699999999999998,0
333,CUST137,Mall Store,Finding Nemo,Family,2024-11-05,7.82,2.0,5.82,2
334,CUST185,Suburban Store,It Chapter Two,Horror,2024-08-29,2.62,0.0,2.62,4
335,CUST082,Mall Store,John Wick 3,Action,2025-05-29,11.23,3.0,8.23,12
336,CUST061,Suburban Store,Up,Family,2024-10-29,5.68,0.5,5.18,4
337,CUST245,Downtown Store,Toy Story 4,Animation,2025-04-10,9.48,2.0,7.48,9
338,CUST282,Mall Store,The Dark Knight,Action,2025-07-04,10.02,0.5,9.52,8
339,CUST042,Suburban Store,Doctor Strange,Action,2025-04-02,7.28,1.0,6.28,3
340,CUST058,Downtown Store,Black Panther,Action,2025-07-14,11.03,0.5,10.53,10
341,CUST168,Suburban Store,Spider-Man: Far From Home,Action,2025-03-28,3.16,0.5,2.66,4
342,CUST262,Mall Store,Joker,Drama,2024-02-26,6.53,2.0,4.53,8
343,CUST289,Downtown Store,Finding Nemo,Family,2025-07-26,6.62,1.0,5.62,2
344,CUST131,Downtown Store,Titanic,Romance,2024-08-11,7.78,0.0,7.78,12
345,CUST033,Suburban Store,Inception,Sci-Fi,2024-03-02,11.35,0.0,11.35,20
346,CUST147,Mall Store,Frozen II,Family,2024-07-03,9.69,3.0,6.6899999999999995,12
347,CUST196,Mall Store,Inception,Sci-Fi,2025-01-21,5.76,3.0,2.76,2
348,CUST179,Downtown Store,Coco,Animation,2024-07-01,11.93,1.5,10.43,10
349,CUST115,Downtown Store,Guardians of the Galaxy,Action,2024-01-24,11.78,1.5,10.28,20
350,CUST195,Downtown Store,The Matrix,Sci-Fi,2024-09-10,6.61,0.5,6.11,9
351,CUST058,Downtown Store,Captain Marvel,Action,2025-03-05,8.15,0.0,8.15,8
352,CUST035,Downtown Store,Captain Marvel,Action,2024-02-04,6.46,3.0,3.46,1
353,CUST023,Mall Store,Aladdin,Family,2025-03-25,4.34,0.5,3.84,1
354,CUST258,Mall Store,Toy Story 4,Animation,2024-08-27,10.16,3.0,7.16,9
355,CUST165,Downtown Store,Black Panther,Action,2024-11-05,10.76,3.0,7.76,6
356,CUST154,Mall Store,The Dark Knight,Action,2024-03-03,7.57,2.0,5.57,4
357,CUST219,Suburban Store,Coco,Animation,2025-05-22,2.47,1.0,1.4700000000000002,0
358,CUST164,Suburban Store,Minions,Animation,2025-03-02,6.08,1.0,5.08,8
359,CUST276,Mall Store,Spider-Man: Far From Home,Action,2024-09-03,10.49,1.0,9.49,8
360,CUST030,Suburban Store,Finding Nemo,Family,2025-02-26,11.68,2.0,9.68,8
361,CUST125,Mall Store,Titanic,Romance,2024-07-27,5.3,0.0,5.3,8
362,CUST048,Suburban Store,Inception,Sci-Fi,2024-07-14,2.52,1.5,1.02,0
363,CUST097,Suburban Store,Joker,Drama,2025-07-26,4.17,0.5,3.67,3
364,CUST008,Downtown Store,John Wick 3,Action,2024-07-13,11.62,0.0,11.62,20
365,CUST105,Mall Store,Aladdin,Family,2024-09-02,7.52,1.0,6.52,12
366,CUST274,Suburban Store,Finding Nemo,Family,2025-01-02,5.08,1.0,4.08,8
367,CUST051,Suburban Store,Finding Nemo,Family,2025-04-25,9.62,1.0,8.62,8
368,CUST161,Mall Store,Inception,Sci-Fi,2024-02-16,7.63,0.5,7.13,6
369,CUST134,Suburban Store,Avengers: Endgame,Action,2025-08-21,7.79,1.5,6.29,9
370,CUST101,Mall Store,Toy Story 4,Animation,2024-08-23,5.8,0.5,5.3,8
371,CUST173,Mall Store,The Matrix,Sci-Fi,2025-05-15,11.67,3.0,8.67,16
372,CUST087,Suburban Store,Finding Nemo,Family,2024-12-26,3.69,3.0,0.69,0
373,CUST278,Suburban Store,Spider-Man: Far From Home,Action,2024-03-01,7.24,0.0,7.24,3
374,CUST004,Mall Store,Inside Out,Animation,2024-05-20,10.43,0.5,9.93,4
375,CUST078,Downtown Store,Up,Family,2024-08-11,7.06,1.0,6.06,3
376,CUST248,Suburban Store,Moana,Family,2025-05-14,2.16,2.0,0.16000000000000014,0
377,CUST009,Suburban Store,Avengers: Endgame,Action,2024-10-08,7.36,1.0,6.36,3
378,CUST221,Downtown Store,Minions,Animation,2024-04-19,11.18,2.0,9.18,8
379,CUST099,Suburban Store,Aladdin,Family,2025-06-23,4.52,1.0,3.5199999999999996,3
380,CUST041,Mall Store,Titanic,Romance,2025-02-19,6.59,0.5,6.09,6
381,CUST042,Suburban Store,John Wick 3,Action,2024-02-02,2.94,1.5,1.44,0
382,CUST244,Downtown Store,The Matrix,Sci-Fi,2024-01-10,9.03,0.0,9.03,16
383,CUST170,Suburban Store,The Dark Knight,Action,2024-04-07,10.95,0.0,10.95,10
384,CUST291,Mall Store,Captain Marvel,Action,2024-10-04,2.47,0.0,2.47,3
385,CUST289,Suburban Store,The Matrix,Sci-Fi,2024-02-03,3.79,1.0,2.79,1
386,CUST074,Suburban Store,Captain Marvel,Action,2025-02-11,11.29,1.0,10.29,10
387,CUST124,Suburban Store,Black Panther,Action,2025-02-02,8.77,2.0,6.77,9
388,CUST072,Suburban Store,Titanic,Romance,2024-03-21,7.01,1.0,6.01,3
389,CUST224,Downtown Store,The Lion King,Family,2024-03-18,5.41,2.0,3.41,4
390,CUST168,Downtown Store,Inside Out,Animation,2024-10-06,9.84,1.5,8.34,16
391,CUST183,Suburban Store,Aladdin,Family,2025-01-19,6.32,3.0,3.3200000000000003,4
392,CUST152,Downtown Store,Joker,Drama,2024-03-16,2.82,0.5,2.32,4
393,CUST079,Suburban Store,Up,Family,2025-02-02,5.17,0.0,5.17,2
394,CUST158,Mall Store,Avengers: Endgame,Action,2025-01-03,9.61,0.0,9.61,8
395,CUST096,Mall Store,Joker,Drama,2025-04-04,7.57,2.0,5.57,8
396,CUST014,Downtown Store,The Lion King,Family,2024-12-28,7.54,2.0,5.54,6
397,CUST007,Mall Store,Titanic,Romance,2025-02-27,5.88,0.0,5.88,4
398,CUST267,Downtown Store,Black Panther,Action,2025-01-24,3.7,1.0,2.7,3
399,CUST253,Downtown Store,It Chapter Two,Horror,2024-03-05,3.67,1.0,2.67,4
400,CUST248,Downtown Store,John Wick 3,Action,2025-01-04,4.52,0.5,4.02,8
401,CUST101,Mall Store,Moana,Family,2024-04-19,3.35,0.0,3.35,4
402,CUST195,Mall Store,Zootopia,Animation,2025-03-26,5.35,3.0,2.3499999999999996,2
403,CUST165,Suburban Store,John Wick 3,Action,2024-07-24,6.79,0.5,6.29,12
404,CUST150,Suburban Store,Zootopia,Animation,2025-05-17,11.68,0.5,11.18,15
405,CUST144,Mall Store,Titanic,Romance,2025-01-08,3.14,2.0,1.1400000000000001,0
406,CUST280,Downtown Store,Black Panther,Action,2025-07-17,2.27,3.0,0.0,0
407,CUST108,Mall Store,Up,Family,2024-10-25,10.31,0.0,10.31,20
408,CUST256,Downtown Store,Doctor Strange,Action,2024-11-06,4.42,3.0,1.42,0
409,CUST217,Mall Store,Up,Family,2024-03-16,6.49,2.0,4.49,8
410,CUST206,Suburban Store,Black Panther,Action,2025-06-02,11.23,3.0,8.23,16
411,CUST019,Mall Store,The Matrix,Sci-Fi,2025-07-03,7.94,0.0,7.94,3
412,CUST128,Suburban Store,Inside Out,Animation,2024-12-29,3.66,2.0,1.6600000000000001,0
413,CUST205,Mall Store,Black Panther,Action,2025-03-16,3.06,0.0,3.06,3
414,CUST262,Suburban Store,Aladdin,Family,2025-06-15,7.58,3.0,4.58,4
415,CUST192,Mall Store,Finding Nemo,Family,2025-04-19,9.72,2.0,7.720000000000001,6
416,CUST013,Mall Store,Inception,Sci-Fi,2024-04-17,4.95,0.0,4.95,2
417,CUST073,Mall Store,Guardians of the Galaxy,Action,2024-11-15,5.43,0.5,4.93,8
418,CUST244,Downtown Store,Inception,Sci-Fi,2025-03-24,9.22,1.5,7.720000000000001,9
419,CUST154,Downtown Store,Joker,Drama,2024-04-27,2.23,1.0,1.23,0
420,CUST085,Suburban Store,Doctor Strange,Action,2024-09-06,7.16,2.0,5.16,4
421,CUST287,Mall Store,Zootopia,Animation,2025-04-18,4.32,1.5,2.8200000000000003,2
422,CUST222,Mall Store,Spider-Man: Far From Home,Action,2024-01-30,9.37,0.5,8.87,16
423,CUST220,Mall Store,Black Panther,Action,2024-01-05,9.05,0.5,8.55,12
424,CUST033,Suburban Store,Inside Out,Animation,2024-04-14,10.0,2.0,8.0,8
425,CUST167,Downtown Store,Inception,Sci-Fi,2025-04-13,3.14,3.0,0.14000000000000012,0
426,CUST161,Suburban Store,Minions,Animation,2025-02-01,8.11,2.0,6.109999999999999,3
427,CUST181,Mall Store,Inception,Sci-Fi,2024-06-25,10.14,3.0,7.140000000000001,9
428,CUST044,Suburban Store,Moana,Family,2024-05-17,5.13,0.5,4.63,6
429,CUST094,Mall Store,The Lion King,Family,2024-05-24,7.11,1.5,5.61,4
430,CUST197,Mall Store,Black Panther,Action,2024-07-09,6.87,2.0,4.87,4
431,CUST086,Mall Store,The Matrix,Sci-Fi,2024-10-22,3.4,1.0,2.4,4
432,CUST028,Mall Store,Moana,Family,2024-01-10,6.85,0.5,6.35,12
433,CUST259,Suburban Store,The Matrix,Sci-Fi,2025-05-21,6.09,1.5,4.59,8
434,CUST228,Mall Store,Up,Family,2024-06-20,2.83,0.0,2.83,2
435,CUST017,Mall Store,John Wick 3,Action,2024-08-18,7.38,0.5,6.88,12
436,CUST254,Suburban Store,Black Panther,Action,2025-06-07,3.13,0.0,3.13,3
437,CUST279,Mall Store,Inside Out,Animation,2025-07-09,10.23,0.0,10.23,20
438,CUST112,Mall Store,The Matrix,Sci-Fi,2024-04-14,9.36,3.0,6.359999999999999,6
439,CUST017,Mall Store,John Wick 3,Action,2024-09-26,5.49,0.0,5.49,8
440,CUST122,Downtown Store,The Lion King,Family,2024-12-25,10.61,2.0,8.61,16
441,CUST072,Downtown Store,Spider-Man: Far From Home,Action,2024-07-30,10.05,2.0,8.05,12
442,CUST144,Suburban Store,The Matrix,Sci-Fi,2025-07-05,3.68,3.0,0.6800000000000002,0
443,CUST294,Mall Store,John Wick 3,Action,2025-06-10,11.85,3.0,8.85,4
444,CUST211,Downtown Store,Toy Story 4,Animation,2024-10-10,10.67,0.5,10.17,10
445,CUST075,Suburban Store,Aladdin,Family,2024-11-25,10.28,3.0,7.279999999999999,12
446,CUST073,Suburban Store,Shrek,Animation,2024-10-02,8.28,1.5,6.779999999999999,12
447,CUST048,Mall Store,Joker,Drama,2025-06-11,9.5,3.0,6.5,9
448,CUST250,Mall Store,Finding Nemo,Family,2025-08-18,2.02,3.0,0.0,0
449,CUST235,Suburban Store,Guardians of the Galaxy,Action,2025-01-01,10.5,2.0,8.5,16
450,CUST220,Downtown Store,Captain Marvel,Action,2025-05-21,4.69,1.0,3.6900000000000004,3
451,CUST296,Downtown Store,The Matrix,Sci-Fi,2025-08-02,10.52,1.0,9.52,4
452,CUST051,Suburban Store,Frozen II,Family,2025-04-15,2.16,0.5,1.6600000000000001,0
453,CUST001,Mall Store,Finding Nemo,Family,2024-07-26,11.96,0.5,11.46,15
454,CUST141,Downtown Store,Spider-Man: Far From Home,Action,2025-01-04,4.5,1.0,3.5,2
455,CUST203,Suburban Store,Frozen II,Family,2024-11-08,9.26,0.5,8.76,16
456,CUST047,Suburban Store,Coco,Animation,2024-04-07,2.01,1.5,0.5099999999999998,0
457,CUST116,Suburban Store,Toy Story 4,Animation,2025-03-31,2.09,3.0,0.0,0
458,CUST217,Suburban Store,The Lion King,Family,2024-05-15,6.78,0.5,6.28,12
459,CUST053,Downtown Store,Joker,Drama,2024-11-16,5.68,1.0,4.68,4
460,CUST069,Suburban Store,Titanic,Romance,2024-05-26,2.68,2.0,0.6800000000000002,0
461,CUST085,Mall Store,Moana,Family,2024-12-25,9.22,3.0,6.220000000000001,6
462,CUST227,Downtown Store,The Dark Knight,Action,2024-03-29,10.97,0.5,10.47,5
463,CUST197,Mall Store,Black Panther,Action,2025-03-15,5.15,0.5,4.65,4
464,CUST044,Downtown Store,It Chapter Two,Horror,2025-07-20,8.01,3.0,5.01,6
465,CUST014,Suburban Store,Inside Out,Animation,2024-11-04,4.05,2.0,2.05,2
466,CUST201,Mall Store,Guardians of the Galaxy,Action,2024-02-25,9.84,0.5,9.34,16
467,CUST058,Downtown Store,Titanic,Romance,2025-05-26,8.38,0.0,8.38,4
468,CUST163,Downtown Store,Inception,Sci-Fi,2025-01-31,10.61,2.0,8.61,16
469,CUST280,Suburban Store,Inception,Sci-Fi,2024-06-25,9.63,0.0,9.63,4
470,CUST035,Downtown Store,Black Panther,Action,2024-09-25,4.16,0.0,4.16,8
471,CUST147,Suburban Store,Minions,Animation,2025-05-28,9.67,1.5,8.17,16
472,CUST275,Suburban Store,Joker,Drama,2024-06-05,4.77,1.0,3.7699999999999996,1
473,CUST105,Downtown Store,Minions,Animation,2025-07-03,5.27,2.0,3.2699999999999996,1
474,CUST224,Suburban Store,John Wick 3,Action,2024-09-01,2.58,0.0,2.58,4
475,CUST233,Suburban Store,The Lion King,Family,2024-02-26,5.09,3.0,2.09,2
476,CUST007,Suburban Store,The Lion King,Family,2024-05-20,9.01,0.5,8.51,16
477,CUST268,Suburban Store,Inception,Sci-Fi,2024-09-22,3.67,0.5,3.17,3
478,CUST061,Downtown Store,Guardians of the Galaxy,Action,2024-12-09,10.07,1.0,9.07,4
479,CUST296,Suburban Store,It Chapter Two,Horror,2024-03-19,6.96,2.0,4.96,6
480,CUST256,Suburban Store,Frozen II,Family,2024-06-19,5.68,1.0,4.68,2
481,CUST060,Downtown Store,Black Panther,Action,2025-06-05,2.03,0.0,2.03,2
482,CUST242,Mall Store,Frozen II,Family,2025-01-27,11.2,0.5,10.7,5
483,CUST215,Downtown Store,The Matrix,Sci-Fi,2024-11-25,4.48,3.0,1.4800000000000004,0
484,CUST040,Suburban Store,It Chapter Two,Horror,2025-01-16,3.19,3.0,0.18999999999999995,0
485,CUST115,Suburban Store,Spider-Man: Far From Home,Action,2024-02-17,11.54,0.0,11.54,20
486,CUST160,Mall Store,John Wick 3,Action,2024-03-29,7.53,0.0,7.53,9
487,CUST150,Suburban Store,Captain Marvel,Action,2024-11-07,9.4,0.5,8.9,16
488,CUST253,Downtown Store,Inception,Sci-Fi,2025-07-13,9.6,0.5,9.1,8
489,CUST210,Downtown Store,Avengers: Endgame,Action,2024-08-26,7.42,3.0,4.42,2
490,CUST001,Suburban Store,Zootopia,Animation,2025-01-20,10.49,3.0,7.49,9
491,CUST106,Suburban Store,The Lion King,Family,2024-08-31,6.2,0.0,6.2,6
492,CUST144,Downtown Store,Up,Family,2024-02-14,11.21,2.0,9.21,16
493,CUST191,Mall Store,Up,Family,2024-03-27,7.81,2.0,5.81,4
494,CUST202,Downtown Store,Coco,Animation,2025-08-04,2.62,3.0,0.0,0
495,CUST150,Mall Store,Aladdin,Family,2024-11-18,11.26,1.5,9.76,12
496,CUST232,Mall Store,Zootopia,Animation,2024-08-27,2.75,0.5,2.25,2
497,CUST300,Downtown Store,Inside Out,Animation,2024-06-08,3.06,1.5,1.56,0
498,CUST209,Downtown Store,Zootopia,Animation,2025-07-02,5.58,0.5,5.08,8
499,CUST238,Mall Store,John Wick 3,Action,2024-05-02,2.9,3.0,0.0,0
500,CUST021,Downtown Store,Up,Family,2024-12-01,3.48,3.0,0.48,0
501,CUST203,Suburban Store,Inception,Sci-Fi,2024-02-20,8.77,1.0,7.77,6
502,CUST208,Mall Store,Avengers: Endgame,Action,2025-07-23,9.48,0.5,8.98,4
503,CUST053,Downtown Store,Finding Nemo,Family,2024-05-04,2.12,0.5,1.62,0
504,CUST206,Mall Store,Captain Marvel,Action,2024-03-27,7.82,1.0,6.82,3
505,CUST034,Downtown Store,Avengers: Endgame,Action,2025-03-30,10.09,0.0,10.09,15
506,CUST022,Mall Store,The Lion King,Family,2024-02-21,3.68,2.0,1.6800000000000002,0
507,CUST203,Mall Store,Guardians of the Galaxy,Action,2024-01-31,5.83,1.5,4.33,4
508,CUST110,Downtown Store,Inception,Sci-Fi,2024-10-08,4.8,0.5,4.3,2
509,CUST126,Suburban Store,Moana,Family,2024-10-29,6.99,2.0,4.99,8
510,CUST045,Mall Store,Frozen II,Family,2025-01-27,3.37,0.5,2.87,2
511,CUST279,Downtown Store,Coco,Animation,2025-01-26,9.82,1.0,8.82,16
512,CUST249,Mall Store,The Matrix,Sci-Fi,2025-08-02,7.02,1.5,5.52,6
513,CUST014,Mall Store,Spider-Man: Far From Home,Action,2024-08-12,2.29,1.0,1.29,0
514,CUST272,Mall Store,Shrek,Animation,2025-08-21,12.0,0.5,11.5,5
515,CUST124,Mall Store,Aladdin,Family,2025-06-30,10.16,3.0,7.16,3
516,CUST113,Suburban Store,Inside Out,Animation,2025-02-01,5.55,0.5,5.05,4
517,CUST163,Suburban Store,Aladdin,Family,2025-01-02,11.14,0.0,11.14,15
518,CUST289,Downtown Store,Black Panther,Action,2025-07-30,11.48,1.5,9.98,12
519,CUST252,Downtown Store,Spider-Man: Far From Home,Action,2024-04-02,2.56,2.0,0.56,0
520,CUST270,Mall Store,Avengers: Endgame,Action,2024-01-01,5.32,2.0,3.3200000000000003,2
521,CUST175,Suburban Store,Toy Story 4,Animation,2024-06-30,11.19,1.0,10.19,5
522,CUST076,Suburban Store,Avengers: Endgame,Action,2024-05-25,9.74,2.0,7.74,9
523,CUST192,Suburban Store,Joker,Drama,2025-02-09,7.86,1.0,6.86,9
524,CUST070,Downtown Store,Zootopia,Animation,2025-03-23,9.92,1.5,8.42,12
525,CUST288,Suburban Store,Spider-Man: Far From Home,Action,2024-12-31,4.23,2.0,2.2300000000000004,2
526,CUST158,Suburban Store,Titanic,Romance,2024-10-28,3.27,3.0,0.27,0
527,CUST294,Mall Store,Up,Family,2025-08-04,2.32,2.0,0.31999999999999984,0
528,CUST114,Suburban Store,Moana,Family,2025-08-02,3.04,1.5,1.54,0
529,CUST040,Downtown Store,Zootopia,Animation,2024-12-21,11.82,0.5,11.32,5
530,CUST172,Mall Store,Up,Family,2024-01-12,4.65,0.5,4.15,2
531,CUST132,Downtown Store,Inception,Sci-Fi,2024-01-02,2.48,1.5,0.98,0
532,CUST212,Mall Store,Spider-Man: Far From Home,Action,2025-01-22,5.51,1.5,4.01,2
533,CUST296,Suburban Store,Shrek,Animation,2024-08-18,3.63,0.0,3.63,1
534,CUST011,Mall Store,John Wick 3,Action,2024-09-24,11.52,0.0,11.52,15
535,CUST193,Downtown Store,Spider-Man: Far From Home,Action,2024-03-17,7.47,0.0,7.47,9
536,CUST248,Suburban Store,Moana,Family,2024-02-01,6.31,3.0,3.3099999999999996,2
537,CUST223,Downtown Store,Moana,Family,2024-02-24,3.01,0.5,2.51,2
538,CUST284,Suburban Store,The Dark Knight,Action,2025-07-07,4.65,1.0,3.6500000000000004,3
539,CUST050,Downtown Store,Aladdin,Family,2025-02-06,7.72,1.5,6.22,6
540,CUST185,Downtown Store,Frozen II,Family,2025-03-13,2.88,3.0,0.0,0
541,CUST050,Downtown Store,Captain Marvel,Action,2024-07-30,3.71,1.0,2.71,1
542,CUST060,Mall Store,Shrek,Animation,2025-02-11,6.71,3.0,3.71,3
543,CUST279,Mall Store,Joker,Drama,2024-07-08,5.71,1.5,4.21,6
544,CUST229,Downtown Store,Spider-Man: Far From Home,Action,2024-09-26,6.4,1.0,5.4,4
545,CUST289,Downtown Store,It Chapter Two,Horror,2024-06-03,9.52,3.0,6.52,3
546,CUST177,Suburban Store,Joker,Drama,2025-02-27,11.71,2.0,9.71,8
547,CUST032,Mall Store,The Matrix,Sci-Fi,2025-06-19,6.19,2.0,4.19,8
548,CUST121,Mall Store,Black Panther,Action,2024-11-02,2.79,3.0,0.0,0
549,CUST293,Suburban Store,Minions,Animation,2025-08-08,8.78,2.0,6.779999999999999,6
550,CUST230,Downtown Store,The Lion King,Family,2024-06-20,11.72,0.5,11.22,10
551,CUST217,Downtown Store,Frozen II,Family,2025-03-21,4.02,3.0,1.0199999999999996,0
552,CUST133,Mall Store,Moana,Family,2024-03-09,2.87,2.0,0.8700000000000001,0
553,CUST167,Mall Store,The Matrix,Sci-Fi,2025-06-16,6.58,0.0,6.58,12
554,CUST213,Downtown Store,The Lion King,Family,2024-05-31,7.67,2.0,5.67,2
555,CUST289,Downtown Store,The Lion King,Family,2024-10-19,10.67,1.0,9.67,16
556,CUST197,Suburban Store,It Chapter Two,Horror,2025-05-12,7.72,1.5,6.22,3
557,CUST142,Mall Store,Spider-Man: Far From Home,Action,2024-05-27,8.18,3.0,5.18,8
558,CUST203,Mall Store,Frozen II,Family,2024-08-31,2.49,1.5,0.9900000000000002,0
559,CUST011,Mall Store,Inception,Sci-Fi,2024-11-06,5.11,1.5,3.6100000000000003,1
560,CUST069,Mall Store,Aladdin,Family,2025-03-29,9.74,1.0,8.74,12
561,CUST214,Suburban Store,Guardians of the Galaxy,Action,2024-04-01,3.88,0.5,3.38,4
562,CUST249,Suburban Store,Guardians of the Galaxy,Action,2025-01-17,10.21,2.0,8.21,8
563,CUST160,Suburban Store,Joker,Drama,2025-06-02,6.03,2.0,4.03,2
564,CUST099,Downtown Store,Spider-Man: Far From Home,Action,2024-02-29,4.49,1.5,2.99,1
565,CUST102,Mall Store,Inception,Sci-Fi,2025-01-12,10.24,2.0,8.24,16
566,CUST064,Suburban Store,Coco,Animation,2024-02-01,4.42,1.5,2.92,4
567,CUST243,Suburban Store,Spider-Man: Far From Home,Action,2025-07-18,5.5,0.5,5.0,6
568,CUST047,Mall Store,Guardians of the Galaxy,Action,2024-01-29,5.87,0.5,5.37,4
569,CUST116,Suburban Store,Aladdin,Family,2024-07-30,4.69,1.5,3.1900000000000004,1
570,CUST005,Mall Store,Inside Out,Animation,2024-05-15,8.47,2.0,6.470000000000001,3
571,CUST130,Suburban Store,Aladdin,Family,2024-11-08,9.13,3.0,6.130000000000001,9
572,CUST193,Mall Store,The Dark Knight,Action,2025-04-15,4.52,1.5,3.0199999999999996,3
573,CUST267,Suburban Store,Doctor Strange,Action,2025-02-10,7.84,0.0,7.84,9
574,CUST145,Mall Store,The Matrix,Sci-Fi,2024-04-20,6.82,1.0,5.82,6
575,CUST167,Mall Store,Coco,Animation,2024-09-24,8.56,3.0,5.5600000000000005,6
576,CUST077,Suburban Store,Captain Marvel,Action,2024-09-03,11.0,2.0,9.0,16
577,CUST164,Suburban Store,Doctor Strange,Action,2024-05-23,9.21,3.0,6.210000000000001,12
578,CUST133,Mall Store,John Wick 3,Action,2025-02-18,5.88,0.0,5.88,4
579,CUST114,Suburban Store,Zootopia,Animation,2025-07-01,8.38,1.5,6.880000000000001,9
580,CUST154,Downtown Store,Minions,Animation,2025-07-25,3.81,0.0,3.81,4
581,CUST133,Suburban Store,Toy Story 4,Animation,2025-07-26,9.63,0.5,9.13,12
582,CUST046,Downtown Store,Coco,Animation,2024-12-29,4.23,1.0,3.2300000000000004,4
583,CUST191,Mall Store,Zootopia,Animation,2025-08-22,4.94,0.0,4.94,8
584,CUST299,Suburban Store,Frozen II,Family,2024-03-13,6.72,0.5,6.22,3
585,CUST196,Suburban Store,Doctor Strange,Action,2024-11-01,6.13,0.5,5.63,4
586,CUST176,Mall Store,Captain Marvel,Action,2025-08-06,10.93,1.5,9.43,8
587,CUST093,Downtown Store,Zootopia,Animation,2025-05-14,5.33,0.5,4.83,6
588,CUST030,Downtown Store,Coco,Animation,2025-04-07,4.74,0.5,4.24,4
589,CUST046,Downtown Store,Shrek,Animation,2025-03-20,8.33,1.5,6.83,12
590,CUST197,Downtown Store,Shrek,Animation,2024-02-08,7.34,3.0,4.34,6
591,CUST165,Suburban Store,Avengers: Endgame,Action,2024-07-14,2.18,0.0,2.18,2
592,CUST177,Mall Store,Aladdin,Family,2024-05-12,3.03,2.0,1.0299999999999998,0
593,CUST034,Downtown Store,Spider-Man: Far From Home,Action,2024-11-01,11.48,1.5,9.98,12
594,CUST069,Mall Store,The Dark Knight,Action,2025-05-16,5.59,0.5,5.09,4
595,CUST010,Downtown Store,Titanic,Romance,2024-08-17,9.27,0.5,8.77,8
596,CUST012,Suburban Store,Guardians of the Galaxy,Action,2025-05-31,3.69,1.0,2.69,1
597,CUST131,Suburban Store,Titanic,Romance,2024-02-19,7.94,0.0,7.94,3
598,CUST011,Downtown Store,Coco,Animation,2024-04-28,6.17,1.5,4.67,2
599,CUST130,Mall Store,The Matrix,Sci-Fi,2024-06-05,4.05,3.0,1.0499999999999998,0
600,CUST216,Suburban Store,John Wick 3,Action,2024-04-13,8.62,1.0,7.619999999999999,6
601,CUST054,Suburban Store,The Dark Knight,Action,2024-04-30,4.83,0.0,4.83,8
602,CUST103,Mall Store,Captain Marvel,Action,2025-06-19,11.73,1.0,10.73,20
603,CUST083,Downtown Store,John Wick 3,Action,2025-07-15,6.96,0.5,6.46,12
604,CUST121,Downtown Store,Zootopia,Animation,2024-01-14,8.72,0.0,8.72,16
605,CUST047,Suburban Store,Toy Story 4,Animation,2024-03-17,9.24,0.0,9.24,12
606,CUST119,Mall Store,Coco,Animation,2024-10-30,4.64,0.0,4.64,2
607,CUST021,Mall Store,Spider-Man: Far From Home,Action,2025-01-03,10.02,1.0,9.02,16
608,CUST060,Downtown Store,Guardians of the Galaxy,Action,2024-02-16,2.1,0.5,1.6,0
609,CUST184,Mall Store,Zootopia,Animation,2024-10-01,10.78,0.0,10.78,15
610,CUST094,Downtown Store,Zootopia,Animation,2025-02-14,6.0,1.5,4.5,6
611,CUST245,Mall Store,Titanic,Romance,2024-06-19,3.13,3.0,0.1299999999999999,0
612,CUST054,Mall Store,Spider-Man: Far From Home,Action,2025-05-09,10.02,3.0,7.02,12
613,CUST195,Mall Store,Spider-Man: Far From Home,Action,2024-01-30,10.63,3.0,7.630000000000001,6
614,CUST250,Downtown Store,Shrek,Animation,2025-02-25,6.41,0.0,6.41,9
615,CUST161,Downtown Store,Coco,Animation,2025-06-21,9.68,2.0,7.68,6
616,CUST174,Suburban Store,Doctor Strange,Action,2025-06-19,8.88,2.0,6.880000000000001,3
617,CUST128,Mall Store,The Dark Knight,Action,2024-12-20,8.64,3.0,5.640000000000001,8
618,CUST286,Suburban Store,Toy Story 4,Animation,2024-02-25,2.12,0.5,1.62,0
619,CUST085,Downtown Store,Shrek,Animation,2025-05-18,5.21,1.0,4.21,6
620,CUST260,Downtown Store,Frozen II,Family,2025-07-17,8.43,1.5,6.93,6
621,CUST236,Mall Store,Joker,Drama,2025-08-09,6.48,1.5,4.98,8
622,CUST061,Mall Store,Zootopia,Animation,2024-01-19,3.03,1.5,1.5299999999999998,0
623,CUST282,Downtown Store,The Matrix,Sci-Fi,2024-04-03,9.92,2.0,7.92,9
624,CUST288,Downtown Store,Minions,Animation,2025-04-12,11.5,1.0,10.5,5
625,CUST233,Mall Store,Aladdin,Family,2025-07-27,9.67,2.0,7.67,12
626,CUST187,Suburban Store,Up,Family,2025-04-08,3.14,3.0,0.14000000000000012,0
627,CUST175,Mall Store,Avengers: Endgame,Action,2024-10-25,7.48,1.0,6.48,3
628,CUST085,Mall Store,Frozen II,Family,2024-05-23,10.22,3.0,7.220000000000001,12
629,CUST131,Suburban Store,The Lion King,Family,2024-07-19,3.88,1.5,2.38,2
630,CUST098,Suburban Store,Finding Nemo,Family,2024-12-12,3.08,1.5,1.58,0
631,CUST064,Mall Store,Coco,Animation,2025-04-13,8.58,2.0,6.58,6
632,CUST003,Suburban Store,Shrek,Animation,2024-02-19,7.53,1.5,6.03,12
633,CUST091,Suburban Store,Minions,Animation,2025-08-15,3.74,0.5,3.24,1
634,CUST165,Suburban Store,Titanic,Romance,2025-01-28,6.19,2.0,4.19,4
635,CUST204,Mall Store,It Chapter Two,Horror,2024-10-28,6.53,0.5,6.03,6
636,CUST263,Mall Store,The Dark Knight,Action,2025-07-14,10.61,3.0,7.609999999999999,6
637,CUST108,Suburban Store,Captain Marvel,Action,2024-10-24,8.87,3.0,5.869999999999999,4
638,CUST092,Suburban Store,Up,Family,2025-07-09,8.94,1.0,7.9399999999999995,3
639,CUST181,Suburban Store,Inside Out,Animation,2025-05-06,7.83,3.0,4.83,8
640,CUST274,Mall Store,Doctor Strange,Action,2025-03-08,10.08,2.0,8.08,4
641,CUST196,Downtown Store,Avengers: Endgame,Action,2024-02-24,8.7,0.5,8.2,12
642,CUST083,Mall Store,Inside Out,Animation,2024-09-13,3.46,0.0,3.46,3
643,CUST278,Downtown Store,Captain Marvel,Action,2025-01-02,10.14,0.0,10.14,10
644,CUST288,Mall Store,Guardians of the Galaxy,Action,2024-08-31,7.11,3.0,4.11,6
645,CUST025,Mall Store,Up,Family,2025-01-31,6.17,3.0,3.17,3
646,CUST028,Downtown Store,The Matrix,Sci-Fi,2024-09-14,4.03,1.5,2.5300000000000002,2
647,CUST189,Suburban Store,Coco,Animation,2025-07-13,9.38,0.5,8.88,8
648,CUST230,Downtown Store,John Wick 3,Action,2024-03-17,3.87,0.5,3.37,1
649,CUST021,Mall Store,Titanic,Romance,2024-10-12,7.57,0.5,7.07,6
650,CUST131,Downtown Store,Black Panther,Action,2024-12-04,6.66,0.5,6.16,3
651,CUST166,Suburban Store,Toy Story 4,Animation,2024-02-22,9.74,3.0,6.74,9
652,CUST294,Suburban Store,Shrek,Animation,2025-01-01,2.73,3.0,0.0,0
653,CUST113,Downtown Store,Minions,Animation,2025-06-17,2.68,2.0,0.6800000000000002,0
654,CUST279,Suburban Store,The Dark Knight,Action,2025-02-17,2.92,0.5,2.42,2
655,CUST170,Mall Store,Doctor Strange,Action,2025-01-04,4.94,2.0,2.9400000000000004,4
656,CUST005,Downtown Store,The Matrix,Sci-Fi,2024-12-20,6.46,3.0,3.46,2
657,CUST165,Mall Store,Frozen II,Family,2024-04-26,5.86,2.0,3.8600000000000003,3
658,CUST265,Mall Store,Avengers: Endgame,Action,2025-06-10,10.03,1.5,8.53,16
659,CUST152,Suburban Store,Frozen II,Family,2024-07-16,5.2,0.0,5.2,2
660,CUST276,Suburban Store,Spider-Man: Far From Home,Action,2024-01-08,8.27,0.5,7.77,6
661,CUST218,Downtown Store,Doctor Strange,Action,2024-07-29,7.38,3.0,4.38,8
662,CUST037,Suburban Store,Coco,Animation,2024-06-06,2.24,3.0,0.0,0
663,CUST045,Downtown Store,Frozen II,Family,2024-02-25,3.78,1.0,2.78,1
664,CUST117,Mall Store,Black Panther,Action,2025-02-21,5.88,3.0,2.88,4
665,CUST162,Downtown Store,The Dark Knight,Action,2025-02-02,8.73,2.0,6.73,3
666,CUST033,Suburban Store,Coco,Animation,2025-08-22,2.46,0.0,2.46,3
667,CUST055,Mall Store,Minions,Animation,2024-11-04,8.07,1.0,7.07,12
668,CUST203,Suburban Store,Titanic,Romance,2024-02-01,6.74,2.0,4.74,4
669,CUST201,Suburban Store,Toy Story 4,Animation,2024-10-29,11.6,0.5,11.1,15
670,CUST192,Downtown Store,Doctor Strange,Action,2025-07-20,10.75,0.5,10.25,5
671,CUST003,Suburban Store,Frozen II,Family,2025-02-07,7.37,0.0,7.37,9
672,CUST177,Downtown Store,Captain Marvel,Action,2025-02-26,11.06,2.0,9.06,8
673,CUST095,Downtown Store,Spider-Man: Far From Home,Action,2024-09-15,3.94,0.5,3.44,1
674,CUST282,Mall Store,Inside Out,Animation,2025-07-16,2.73,3.0,0.0,0
675,CUST051,Downtown Store,It Chapter Two,Horror,2025-08-17,6.87,1.0,5.87,6
676,CUST121,Downtown Store,Toy Story 4,Animation,2024-10-18,8.2,0.5,7.699999999999999,9
677,CUST231,Mall Store,Shrek,Animation,2024-11-09,8.93,0.5,8.43,12
678,CUST220,Downtown Store,Zootopia,Animation,2024-01-05,5.13,0.5,4.63,8
679,CUST185,Downtown Store,It Chapter Two,Horror,2024-12-05,10.78,1.5,9.28,16
680,CUST157,Mall Store,Inception,Sci-Fi,2025-07-18,3.09,3.0,0.08999999999999986,0
681,CUST072,Suburban Store,It Chapter Two,Horror,2024-07-20,4.63,3.0,1.63,0
682,CUST039,Downtown Store,Guardians of the Galaxy,Action,2025-06-03,8.32,2.0,6.32,12
683,CUST109,Downtown Store,Inside Out,Animation,2025-07-18,4.61,2.0,2.6100000000000003,4
684,CUST077,Mall Store,Coco,Animation,2025-02-05,4.23,2.0,2.2300000000000004,3
685,CUST238,Suburban Store,Toy Story 4,Animation,2025-06-06,2.91,1.0,1.9100000000000001,0
686,CUST123,Suburban Store,Doctor Strange,Action,2024-06-18,9.57,0.5,9.07,16
687,CUST092,Suburban Store,Spider-Man: Far From Home,Action,2025-08-02,8.59,0.5,8.09,16
688,CUST021,Downtown Store,Inception,Sci-Fi,2025-05-14,4.32,1.0,3.3200000000000003,3
689,CUST022,Suburban Store,Aladdin,Family,2024-07-30,7.18,1.0,6.18,12
690,CUST233,Downtown Store,Shrek,Animation,2024-02-10,11.81,1.0,10.81,5
691,CUST267,Suburban Store,Up,Family,2024-10-07,10.35,1.0,9.35,8
692,CUST194,Mall Store,Titanic,Romance,2024-03-20,7.17,1.5,5.67,4
693,CUST208,Mall Store,Minions,Animation,2024-12-19,6.87,1.5,5.37,2
694,CUST072,Mall Store,Minions,Animation,2024-06-18,4.3,2.0,2.3,3
695,CUST077,Downtown Store,Captain Marvel,Action,2024-06-10,5.62,3.0,2.62,1
696,CUST118,Mall Store,Doctor Strange,Action,2024-12-04,9.2,1.5,7.699999999999999,12
697,CUST108,Suburban Store,Shrek,Animation,2024-06-14,8.47,1.5,6.970000000000001,3
698,CUST023,Downtown Store,Aladdin,Family,2025-08-10,7.92,0.5,7.42,3
699,CUST076,Downtown Store,Black Panther,Action,2024-06-19,4.58,0.5,4.08,8
700,CUST289,Suburban Store,Moana,Family,2024-01-20,10.79,3.0,7.789999999999999,9
701,CUST111,Mall Store,Joker,Drama,2025-04-27,10.67,0.5,10.17,10
702,CUST074,Suburban Store,The Dark Knight,Action,2024-07-05,8.23,2.0,6.23,9
703,CUST176,Mall Store,Spider-Man: Far From Home,Action,2024-03-11,4.3,1.5,2.8,2
704,CUST009,Downtown Store,The Lion King,Family,2025-06-19,10.6,2.0,8.6,16
705,CUST050,Downtown Store,Toy Story 4,Animation,2025-05-02,11.02,2.0,9.02,4
706,CUST258,Downtown Store,The Matrix,Sci-Fi,2024-04-05,6.82,0.5,6.32,3
707,CUST221,Suburban Store,Inside Out,Animation,2025-03-06,5.7,0.0,5.7,8
708,CUST247,Mall Store,Aladdin,Family,2024-12-24,7.89,3.0,4.89,2
709,CUST069,Mall Store,The Dark Knight,Action,2025-05-03,9.66,0.0,9.66,12
710,CUST279,Mall Store,Moana,Family,2024-09-20,3.89,3.0,0.8900000000000001,0
711,CUST268,Downtown Store,Black Panther,Action,2025-06-16,2.07,3.0,0.0,0
712,CUST162,Mall Store,Up,Family,2025-01-05,3.07,1.5,1.5699999999999998,0
713,CUST275,Mall Store,It Chapter Two,Horror,2025-08-01,5.66,1.0,4.66,8
714,CUST105,Mall Store,Inside Out,Animation,2025-07-19,9.84,1.5,8.34,8
715,CUST287,Suburban Store,Inception,Sci-Fi,2025-05-10,4.54,1.0,3.54,3
716,CUST204,Suburban Store,Inside Out,Animation,2024-05-21,10.55,3.0,7.550000000000001,3
717,CUST118,Mall Store,Guardians of the Galaxy,Action,2024-06-14,3.0,2.0,1.0,0
718,CUST282,Suburban Store,Zootopia,Animation,2024-02-23,3.61,3.0,0.6099999999999999,0
719,CUST075,Mall Store,Joker,Drama,2025-03-21,2.88,1.0,1.88,0
720,CUST041,Suburban Store,Inception,Sci-Fi,2024-02-08,9.24,1.5,7.74,9
721,CUST030,Downtown Store,Up,Family,2025-05-21,6.39,0.5,5.89,6
722,CUST018,Suburban Store,Captain Marvel,Action,2025-06-06,7.16,0.5,6.66,6
723,CUST019,Mall Store,Doctor Strange,Action,2024-09-01,8.55,0.5,8.05,4
724,CUST205,Mall Store,It Chapter Two,Horror,2025-02-08,6.05,0.5,5.55,2
725,CUST036,Downtown Store,Guardians of the Galaxy,Action,2025-07-16,4.84,2.0,2.84,3
726,CUST142,Downtown Store,Inception,Sci-Fi,2024-07-18,6.55,1.5,5.05,2
727,CUST090,Mall Store,It Chapter Two,Horror,2025-06-02,3.06,0.0,3.06,3
728,CUST060,Suburban Store,Zootopia,Animation,2024-09-20,10.76,2.0,8.76,12
729,CUST227,Mall Store,Up,Family,2025-07-30,6.84,0.5,6.34,9
730,CUST235,Suburban Store,Inside Out,Animation,2025-04-16,10.97,0.0,10.97,20
731,CUST133,Downtown Store,The Lion King,Family,2025-01-26,8.34,0.5,7.84,6
732,CUST212,Mall Store,Zootopia,Animation,2025-06-12,7.36,3.0,4.36,6
733,CUST148,Downtown Store,Aladdin,Family,2025-02-12,8.74,1.0,7.74,3
734,CUST092,Mall Store,The Matrix,Sci-Fi,2024-11-17,5.54,2.0,3.54,3
735,CUST098,Mall Store,Spider-Man: Far From Home,Action,2024-07-23,4.35,0.5,3.8499999999999996,3
736,CUST118,Downtown Store,Captain Marvel,Action,2024-09-12,10.36,1.0,9.36,8
737,CUST055,Downtown Store,Inside Out,Animation,2024-03-21,8.76,3.0,5.76,8
738,CUST004,Suburban Store,Moana,Family,2024-02-13,10.48,1.0,9.48,12
739,CUST295,Mall Store,Shrek,Animation,2025-05-17,3.83,2.0,1.83,0
740,CUST114,Suburban Store,Titanic,Romance,2024-05-11,2.54,1.5,1.04,0
741,CUST017,Suburban Store,The Matrix,Sci-Fi,2024-12-21,5.94,3.0,2.9400000000000004,2
742,CUST062,Suburban Store,Finding Nemo,Family,2025-06-14,6.6,3.0,3.5999999999999996,1
743,CUST108,Mall Store,Avengers: Endgame,Action,2025-08-17,3.01,1.0,2.01,3
744,CUST281,Mall Store,Spider-Man: Far From Home,Action,2024-08-30,4.69,2.0,2.6900000000000004,3
745,CUST095,Mall Store,Inception,Sci-Fi,2025-03-10,4.11,3.0,1.1100000000000003,0
746,CUST206,Mall Store,Inception,Sci-Fi,2025-04-06,3.8,0.5,3.3,2
747,CUST139,Downtown Store,The Lion King,Family,2025-07-22,6.32,1.5,4.82,4
748,CUST077,Mall Store,Toy Story 4,Animation,2024-01-10,3.77,1.5,2.27,2
749,CUST265,Suburban Store,Coco,Animation,2024-11-19,9.85,1.0,8.85,12
750,CUST291,Downtown Store,The Matrix,Sci-Fi,2025-02-11,2.99,0.5,2.49,1
751,CUST131,Mall Store,Captain Marvel,Action,2024-04-08,6.5,1.0,5.5,6
752,CUST185,Suburban Store,Inception,Sci-Fi,2025-07-24,11.32,1.0,10.32,15
753,CUST211,Downtown Store,Avengers: Endgame,Action,2024-12-25,10.67,2.0,8.67,8
754,CUST295,Suburban Store,Black Panther,Action,2025-07-05,3.75,1.0,2.75,3
755,CUST262,Mall Store,Zootopia,Animation,2025-04-02,10.9,1.5,9.4,12
756,CUST075,Downtown Store,Finding Nemo,Family,2024-12-11,6.22,2.0,4.22,8
757,CUST041,Downtown Store,Joker,Drama,2024-12-17,4.28,1.0,3.2800000000000002,3
758,CUST137,Suburban Store,Up,Family,2025-02-08,4.71,1.5,3.21,3
759,CUST267,Mall Store,Guardians of the Galaxy,Action,2025-02-27,3.67,0.0,3.67,2
760,CUST121,Suburban Store,Guardians of the Galaxy,Action,2024-09-14,11.4,3.0,8.4,4
761,CUST086,Mall Store,Captain Marvel,Action,2024-04-15,2.96,1.5,1.46,0
762,CUST204,Suburban Store,Avengers: Endgame,Action,2024-03-26,3.04,2.0,1.04,0
763,CUST200,Mall Store,Joker,Drama,2024-08-22,4.47,1.0,3.4699999999999998,4
764,CUST065,Downtown Store,Coco,Animation,2025-06-23,10.39,0.0,10.39,5
765,CUST183,Mall Store,Doctor Strange,Action,2025-05-02,6.67,2.0,4.67,6
766,CUST228,Downtown Store,The Matrix,Sci-Fi,2025-07-06,3.77,2.0,1.77,0
767,CUST289,Mall Store,Coco,Animation,2025-06-20,8.4,2.0,6.4,9
768,CUST247,Suburban Store,Inception,Sci-Fi,2024-08-20,10.05,1.5,8.55,12
769,CUST212,Mall Store,Inception,Sci-Fi,2024-06-08,5.04,0.0,5.04,4
770,CUST147,Mall Store,Inception,Sci-Fi,2025-07-01,2.08,1.5,0.5800000000000001,0
771,CUST005,Mall Store,John Wick 3,Action,2024-10-26,7.97,0.0,7.97,9
772,CUST211,Suburban Store,Captain Marvel,Action,2025-03-23,5.95,0.5,5.45,8
773,CUST113,Mall Store,Titanic,Romance,2024-03-22,6.22,0.5,5.72,6
774,CUST273,Mall Store,John Wick 3,Action,2025-02-26,3.88,0.0,3.88,2
775,CUST149,Downtown Store,Toy Story 4,Animation,2025-04-11,8.18,1.0,7.18,12
776,CUST165,Downtown Store,Captain Marvel,Action,2024-06-04,2.5,2.0,0.5,0
777,CUST053,Mall Store,Spider-Man: Far From Home,Action,2024-10-02,3.25,1.5,1.75,0
778,CUST047,Downtown Store,Aladdin,Family,2024-01-16,6.94,1.0,5.94,8
779,CUST256,Mall Store,John Wick 3,Action,2025-04-19,8.97,0.0,8.97,12
780,CUST075,Downtown Store,Joker,Drama,2024-09-29,9.76,0.0,9.76,16
781,CUST099,Mall Store,Spider-Man: Far From Home,Action,2025-01-25,10.28,0.0,10.28,10
782,CUST227,Downtown Store,Titanic,Romance,2024-02-04,3.99,3.0,0.9900000000000002,0
783,CUST107,Mall Store,Minions,Animation,2025-02-02,8.81,1.0,7.8100000000000005,9
784,CUST022,Suburban Store,Spider-Man: Far From Home,Action,2025-07-16,7.21,1.0,6.21,12
785,CUST153,Downtown Store,Coco,Animation,2025-01-04,10.88,3.0,7.880000000000001,6
786,CUST121,Suburban Store,The Lion King,Family,2025-03-20,5.25,0.5,4.75,6
787,CUST062,Mall Store,Black Panther,Action,2024-09-05,2.09,0.0,2.09,4
788,CUST080,Mall Store,Up,Family,2024-04-01,4.49,1.5,2.99,1
789,CUST174,Suburban Store,Doctor Strange,Action,2024-03-02,2.6,3.0,0.0,0
790,CUST275,Downtown Store,Up,Family,2024-05-08,6.88,1.0,5.88,6
791,CUST099,Downtown Store,Finding Nemo,Family,2025-01-21,5.58,0.5,5.08,6
792,CUST249,Suburban Store,Frozen II,Family,2025-03-24,7.59,2.0,5.59,8
793,CUST291,Downtown Store,Captain Marvel,Action,2025-07-10,5.48,3.0,2.4800000000000004,4
794,CUST284,Downtown Store,It Chapter Two,Horror,2024-03-11,7.31,1.5,5.81,6
795,CUST278,Mall Store,It Chapter Two,Horror,2025-04-09,2.01,3.0,0.0,0
796,CUST095,Downtown Store,Guardians of the Galaxy,Action,2025-01-07,9.76,0.5,9.26,12
797,CUST033,Suburban Store,Guardians of the Galaxy,Action,2025-07-05,10.19,0.5,9.69,16
798,CUST283,Downtown Store,Inside Out,Animation,2024-10-16,5.23,3.0,2.2300000000000004,3
799,CUST050,Suburban Store,The Lion King,Family,2024-03-09,2.44,0.5,1.94,0
800,CUST104,Downtown Store,Frozen II,Family,2025-05-12,3.92,0.0,3.92,4
801,CUST251,Suburban Store,Doctor Strange,Action,2024-09-19,2.49,0.5,1.9900000000000002,0
802,CUST107,Suburban Store,Avengers: Endgame,Action,2025-05-18,11.28,0.0,11.28,20
803,CUST032,Mall Store,Coco,Animation,2025-07-25,9.43,1.5,7.93,9
804,CUST030,Suburban Store,Up,Family,2024-09-29,7.29,3.0,4.29,2
805,CUST040,Downtown Store,John Wick 3,Action,2025-06-15,2.97,3.0,0.0,0
806,CUST198,Downtown Store,The Matrix,Sci-Fi,2024-07-16,7.26,0.5,6.76,6
807,CUST286,Mall Store,The Matrix,Sci-Fi,2024-04-18,9.66,2.0,7.66,9
808,CUST235,Suburban Store,Doctor Strange,Action,2025-03-13,10.83,0.5,10.33,10
809,CUST206,Suburban Store,The Matrix,Sci-Fi,2024-12-11,8.58,2.0,6.58,12
810,CUST162,Suburban Store,Inception,Sci-Fi,2024-11-28,10.45,1.5,8.95,16
811,CUST166,Suburban Store,Guardians of the Galaxy,Action,2024-09-03,7.63,0.5,7.13,12
812,CUST282,Suburban Store,Inside Out,Animation,2024-09-17,5.6,1.5,4.1,8
813,CUST001,Suburban Store,Titanic,Romance,2024-02-05,11.83,2.0,9.83,4
814,CUST070,Mall Store,Minions,Animation,2024-01-07,5.0,0.5,4.5,4
815,CUST012,Suburban Store,Zootopia,Animation,2024-10-09,11.19,2.0,9.19,8
816,CUST020,Mall Store,The Lion King,Family,2024-12-30,3.56,1.0,2.56,3
817,CUST128,Downtown Store,Black Panther,Action,2024-09-19,10.11,0.0,10.11,20
818,CUST112,Suburban Store,Black Panther,Action,2024-03-20,9.24,1.5,7.74,6
819,CUST296,Downtown Store,Shrek,Animation,2024-11-03,2.37,2.0,0.3700000000000001,0
820,CUST029,Mall Store,Joker,Drama,2024-12-22,10.8,1.5,9.3,16
821,CUST117,Suburban Store,The Lion King,Family,2024-01-12,8.34,3.0,5.34,8
822,CUST157,Suburban Store,Frozen II,Family,2024-02-12,5.19,2.0,3.1900000000000004,2
823,CUST258,Suburban Store,Zootopia,Animation,2024-08-14,3.53,3.0,0.5299999999999998,0
824,CUST295,Suburban Store,Finding Nemo,Family,2024-04-02,4.22,1.0,3.2199999999999998,4
825,CUST068,Mall Store,Toy Story 4,Animation,2024-03-25,6.76,3.0,3.76,1
826,CUST205,Mall Store,The Matrix,Sci-Fi,2024-03-28,5.99,1.5,4.49,4
827,CUST070,Mall Store,Inside Out,Animation,2025-07-26,3.98,1.5,2.48,2
828,CUST269,Downtown Store,The Matrix,Sci-Fi,2024-09-05,2.72,1.5,1.2200000000000002,0
829,CUST295,Downtown Store,Doctor Strange,Action,2024-04-25,8.72,1.5,7.220000000000001,9
830,CUST098,Mall Store,Inception,Sci-Fi,2024-12-18,7.94,0.0,7.94,9
831,CUST180,Suburban Store,Spider-Man: Far From Home,Action,2025-03-28,8.23,1.5,6.73,3
832,CUST103,Suburban Store,Aladdin,Family,2025-01-17,3.56,3.0,0.56,0
833,CUST028,Downtown Store,The Lion King,Family,2024-05-31,10.69,1.0,9.69,4
834,CUST057,Mall Store,Zootopia,Animation,2025-04-05,6.71,1.0,5.71,4
835,CUST276,Downtown Store,Guardians of the Galaxy,Action,2024-07-27,7.46,1.0,6.46,12
836,CUST073,Suburban Store,Moana,Family,2024-01-19,5.77,3.0,2.7699999999999996,1
837,CUST088,Downtown Store,It Chapter Two,Horror,2024-10-17,4.01,3.0,1.0099999999999998,0
838,CUST239,Suburban Store,Frozen II,Family,2024-01-09,2.67,3.0,0.0,0
839,CUST185,Downtown Store,Doctor Strange,Action,2024-01-20,4.92,3.0,1.92,0
840,CUST195,Suburban Store,Aladdin,Family,2024-04-11,11.04,1.5,9.54,4
841,CUST102,Suburban Store,Spider-Man: Far From Home,Action,2025-04-13,7.61,3.0,4.61,2
842,CUST127,Suburban Store,Frozen II,Family,2024-11-08,5.34,1.5,3.84,2
843,CUST178,Suburban Store,Avengers: Endgame,Action,2024-12-26,5.55,1.0,4.55,4
844,CUST142,Downtown Store,Minions,Animation,2024-09-20,10.79,0.0,10.79,15
845,CUST078,Mall Store,Aladdin,Family,2025-02-06,8.57,0.0,8.57,16
846,CUST117,Mall Store,Minions,Animation,2024-09-03,7.73,1.5,6.23,9
847,CUST169,Mall Store,Moana,Family,2025-07-09,3.32,3.0,0.31999999999999984,0
848,CUST278,Suburban Store,Black Panther,Action,2024-07-26,10.63,1.0,9.63,8
849,CUST075,Suburban Store,The Dark Knight,Action,2025-08-01,11.17,1.0,10.17,5
850,CUST273,Suburban Store,The Matrix,Sci-Fi,2024-05-01,3.84,0.5,3.34,1
851,CUST164,Mall Store,Inside Out,Animation,2025-02-25,5.03,3.0,2.0300000000000002,3
852,CUST097,Downtown Store,Toy Story 4,Animation,2024-05-14,3.85,2.0,1.85,0
853,CUST291,Suburban Store,Moana,Family,2024-08-24,7.96,0.5,7.46,3
854,CUST041,Suburban Store,Inception,Sci-Fi,2025-05-03,3.34,2.0,1.3399999999999999,0
855,CUST192,Downtown Store,Up,Family,2025-01-31,6.91,0.5,6.41,6
856,CUST116,Downtown Store,Captain Marvel,Action,2025-02-22,9.65,0.0,9.65,12
857,CUST114,Suburban Store,The Dark Knight,Action,2024-07-26,9.58,0.0,9.58,8
858,CUST251,Suburban Store,Finding Nemo,Family,2024-11-28,10.67,0.5,10.17,20
859,CUST022,Suburban Store,Titanic,Romance,2025-01-24,9.2,1.5,7.699999999999999,3
860,CUST056,Mall Store,Minions,Animation,2025-04-12,10.27,0.0,10.27,10
861,CUST276,Mall Store,Minions,Animation,2024-02-10,7.58,2.0,5.58,2
862,CUST150,Mall Store,Captain Marvel,Action,2025-02-11,10.84,1.0,9.84,16
863,CUST217,Mall Store,Spider-Man: Far From Home,Action,2024-02-25,8.9,0.5,8.4,16
864,CUST232,Downtown Store,Coco,Animation,2025-05-27,3.13,2.0,1.13,0
865,CUST212,Mall Store,Titanic,Romance,2025-04-06,2.25,1.5,0.75,0
866,CUST047,Mall Store,Finding Nemo,Family,2024-11-27,8.92,3.0,5.92,4
867,CUST064,Downtown Store,Up,Family,2024-04-26,9.06,3.0,6.0600000000000005,9
868,CUST269,Suburban Store,Joker,Drama,2025-01-28,9.27,2.0,7.27,6
869,CUST282,Mall Store,Titanic,Romance,2024-02-14,9.68,1.0,8.68,8
870,CUST075,Downtown Store,Spider-Man: Far From Home,Action,2024-02-22,6.2,1.0,5.2,8
871,CUST093,Downtown Store,John Wick 3,Action,2024-05-14,11.6,0.0,11.6,15
872,CUST235,Mall Store,Avengers: Endgame,Action,2025-05-25,7.44,0.0,7.44,12
873,CUST112,Suburban Store,Aladdin,Family,2025-05-02,6.54,1.5,5.04,2
874,CUST004,Downtown Store,Moana,Family,2025-07-14,4.78,3.0,1.7800000000000002,0
875,CUST095,Downtown Store,Frozen II,Family,2024-02-26,8.53,0.0,8.53,8
876,CUST296,Suburban Store,Frozen II,Family,2024-11-01,5.31,0.0,5.31,2
877,CUST214,Downtown Store,The Lion King,Family,2024-06-14,8.72,2.0,6.720000000000001,6
878,CUST297,Mall Store,Finding Nemo,Family,2024-02-06,2.93,1.0,1.9300000000000002,0
879,CUST195,Downtown Store,Inception,Sci-Fi,2025-03-13,10.43,0.0,10.43,15
880,CUST069,Downtown Store,Shrek,Animation,2024-10-08,5.29,1.5,3.79,2
881,CUST108,Suburban Store,Up,Family,2024-02-29,3.09,3.0,0.08999999999999986,0
882,CUST148,Mall Store,Shrek,Animation,2024-11-20,4.6,2.0,2.5999999999999996,3
883,CUST289,Mall Store,Toy Story 4,Animation,2025-06-16,9.29,1.5,7.789999999999999,12
884,CUST120,Suburban Store,Spider-Man: Far From Home,Action,2024-10-24,11.79,0.0,11.79,5
885,CUST239,Suburban Store,Avengers: Endgame,Action,2024-04-30,9.37,0.5,8.87,16
886,CUST024,Mall Store,The Dark Knight,Action,2024-12-24,7.6,3.0,4.6,4
887,CUST104,Suburban Store,Avengers: Endgame,Action,2024-10-15,4.54,0.0,4.54,6
888,CUST260,Suburban Store,John Wick 3,Action,2024-11-27,9.67,0.0,9.67,12
889,CUST203,Suburban Store,Zootopia,Animation,2025-08-05,8.16,0.0,8.16,8
890,CUST170,Mall Store,Captain Marvel,Action,2025-05-05,11.16,0.0,11.16,10
891,CUST080,Suburban Store,Shrek,Animation,2025-04-16,10.92,2.0,8.92,12
892,CUST212,Suburban Store,Finding Nemo,Family,2024-02-27,10.35,1.0,9.35,12
893,CUST275,Downtown Store,The Matrix,Sci-Fi,2024-08-01,7.77,1.0,6.77,9
894,CUST077,Mall Store,Joker,Drama,2024-02-01,5.39,1.5,3.8899999999999997,2
895,CUST200,Downtown Store,Black Panther,Action,2024-04-29,10.65,1.0,9.65,12
896,CUST017,Mall Store,Up,Family,2025-02-27,2.87,0.5,2.37,3
897,CUST155,Downtown Store,Finding Nemo,Family,2025-06-21,5.02,0.0,5.02,6
898,CUST104,Downtown Store,Frozen II,Family,2025-03-30,7.06,1.5,5.56,4
899,CUST175,Mall Store,Captain Marvel,Action,2025-06-20,5.1,1.0,4.1,4
900,CUST051,Suburban Store,Inside Out,Animation,2024-05-15,4.05,0.0,4.05,8
901,CUST268,Downtown Store,Titanic,Romance,2024-01-05,5.11,0.0,5.11,2
902,CUST240,Downtown Store,Zootopia,Animation,2024-04-15,7.21,3.0,4.21,6
903,CUST296,Mall Store,Avengers: Endgame,Action,2024-08-02,5.21,0.5,4.71,6
904,CUST273,Mall Store,It Chapter Two,Horror,2025-03-27,8.71,1.0,7.710000000000001,6
905,CUST141,Downtown Store,Spider-Man: Far From Home,Action,2024-01-16,11.58,2.0,9.58,4
906,CUST278,Mall Store,Captain Marvel,Action,2025-07-16,5.18,0.5,4.68,6
907,CUST126,Downtown Store,Black Panther,Action,2024-03-13,5.11,1.0,4.11,8
908,CUST067,Downtown Store,Frozen II,Family,2025-04-27,11.03,0.0,11.03,5
909,CUST028,Downtown Store,Titanic,Romance,2025-03-12,5.92,3.0,2.92,4
910,CUST183,Mall Store,Moana,Family,2024-12-06,10.17,3.0,7.17,3
911,CUST239,Suburban Store,Inside Out,Animation,2024-05-14,2.93,3.0,0.0,0
912,CUST234,Mall Store,The Lion King,Family,2025-04-21,6.71,0.5,6.21,6
913,CUST133,Mall Store,Moana,Family,2025-02-05,3.83,3.0,0.8300000000000001,0
914,CUST233,Mall Store,Zootopia,Animation,2024-01-31,2.65,0.0,2.65,3
915,CUST237,Downtown Store,Shrek,Animation,2024-10-16,9.68,2.0,7.68,6
916,CUST053,Mall Store,Minions,Animation,2024-04-19,5.26,3.0,2.26,1
917,CUST273,Mall Store,John Wick 3,Action,2025-02-14,7.91,0.5,7.41,6
918,CUST082,Mall Store,The Matrix,Sci-Fi,2025-01-28,2.66,0.5,2.16,4
919,CUST291,Mall Store,The Dark Knight,Action,2025-07-11,8.94,0.5,8.44,4
920,CUST294,Mall Store,Guardians of the Galaxy,Action,2024-04-27,7.92,1.5,6.42,9
921,CUST050,Mall Store,The Matrix,Sci-Fi,2024-06-29,5.08,1.5,3.58,1
922,CUST056,Suburban Store,Moana,Family,2025-01-23,5.27,3.0,2.2699999999999996,1
923,CUST112,Downtown Store,Joker,Drama,2025-08-17,11.03,3.0,8.03,4
924,CUST076,Suburban Store,Inside Out,Animation,2024-06-01,6.53,1.0,5.53,8
925,CUST296,Mall Store,Moana,Family,2024-07-19,4.06,1.0,3.0599999999999996,3
926,CUST156,Mall Store,Black Panther,Action,2024-12-18,11.9,2.0,9.9,4
927,CUST262,Mall Store,Moana,Family,2024-05-10,10.53,0.0,10.53,15
928,CUST028,Downtown Store,The Matrix,Sci-Fi,2025-07-27,10.21,1.0,9.21,4
929,CUST016,Downtown Store,John Wick 3,Action,2025-03-18,9.02,1.5,7.52,9
930,CUST196,Mall Store,Up,Family,2025-01-25,6.35,0.5,5.85,4
931,CUST072,Downtown Store,Shrek,Animation,2025-07-22,5.85,1.0,4.85,8
932,CUST148,Suburban Store,Toy Story 4,Animation,2024-05-08,3.34,0.0,3.34,1
933,CUST250,Suburban Store,Toy Story 4,Animation,2025-03-23,11.75,0.5,11.25,5
934,CUST213,Mall Store,Toy Story 4,Animation,2025-03-11,8.23,1.5,6.73,12
935,CUST231,Mall Store,The Matrix,Sci-Fi,2024-12-29,4.26,1.5,2.76,1
936,CUST256,Suburban Store,Black Panther,Action,2024-08-30,9.12,1.0,8.12,16
937,CUST296,Mall Store,The Matrix,Sci-Fi,2024-02-04,11.78,2.0,9.78,16
938,CUST189,Downtown Store,Up,Family,2025-08-17,6.82,3.0,3.8200000000000003,1
939,CUST270,Mall Store,Toy Story 4,Animation,2025-04-21,7.17,2.0,5.17,2
940,CUST242,Suburban Store,Aladdin,Family,2024-03-20,8.84,2.0,6.84,9
941,CUST028,Mall Store,Moana,Family,2025-07-01,9.79,1.5,8.29,16
942,CUST241,Suburban Store,Minions,Animation,2024-12-05,6.21,1.0,5.21,6
943,CUST019,Suburban Store,Spider-Man: Far From Home,Action,2024-11-07,9.27,2.0,7.27,9
944,CUST243,Suburban Store,Frozen II,Family,2024-06-22,7.73,3.0,4.73,6
945,CUST014,Mall Store,Guardians of the Galaxy,Action,2025-05-11,2.83,2.0,0.8300000000000001,0
946,CUST130,Downtown Store,It Chapter Two,Horror,2024-10-14,4.75,1.0,3.75,1
947,CUST058,Suburban Store,Guardians of the Galaxy,Action,2024-06-27,11.1,3.0,8.1,8
948,CUST229,Mall Store,Doctor Strange,Action,2024-06-28,4.61,3.0,1.6100000000000003,0
949,CUST093,Suburban Store,Shrek,Animation,2024-02-03,5.43,0.0,5.43,4
950,CUST079,Mall Store,Moana,Family,2025-02-26,9.7,0.5,9.2,16
951,CUST086,Downtown Store,Guardians of the Galaxy,Action,2025-08-14,9.34,1.0,8.34,4
952,CUST136,Downtown Store,Coco,Animation,2024-02-23,3.68,1.5,2.18,4
953,CUST244,Suburban Store,John Wick 3,Action,2025-06-29,4.34,3.0,1.3399999999999999,0
954,CUST135,Downtown Store,Shrek,Animation,2025-06-27,10.7,0.0,10.7,15
955,CUST196,Suburban Store,Finding Nemo,Family,2024-11-19,11.62,3.0,8.62,4
956,CUST273,Suburban Store,The Lion King,Family,2024-12-28,11.56,1.5,10.06,15
957,CUST139,Mall Store,Zootopia,Animation,2024-04-10,4.55,2.0,2.55,4
958,CUST124,Suburban Store,Finding Nemo,Family,2024-07-18,7.2,3.0,4.2,4
959,CUST281,Downtown Store,Zootopia,Animation,2024-01-09,10.32,0.0,10.32,20
960,CUST269,Downtown Store,The Lion King,Family,2025-04-01,5.52,3.0,2.5199999999999996,3
961,CUST099,Downtown Store,It Chapter Two,Horror,2024-01-25,8.19,0.0,8.19,8
962,CUST063,Suburban Store,Moana,Family,2024-05-02,2.86,2.0,0.8599999999999999,0
963,CUST290,Downtown Store,Titanic,Romance,2024-04-23,8.96,1.0,7.960000000000001,9
964,CUST039,Suburban Store,Finding Nemo,Family,2025-04-09,11.23,1.0,10.23,20
965,CUST166,Mall Store,Up,Family,2024-06-14,9.81,1.0,8.81,4
966,CUST199,Mall Store,Titanic,Romance,2024-03-02,4.58,1.0,3.58,2
967,CUST036,Mall Store,Finding Nemo,Family,2024-07-24,8.1,0.5,7.6,12
968,CUST074,Suburban Store,The Lion King,Family,2025-03-17,4.18,3.0,1.1799999999999997,0
969,CUST133,Downtown Store,Finding Nemo,Family,2024-02-05,2.73,2.0,0.73,0
970,CUST229,Downtown Store,Inside Out,Animation,2025-05-24,3.49,3.0,0.4900000000000002,0
971,CUST200,Mall Store,Frozen II,Family,2024-06-04,9.0,1.5,7.5,3
972,CUST252,Mall Store,Minions,Animation,2025-03-22,6.04,3.0,3.04,1
973,CUST116,Downtown Store,The Matrix,Sci-Fi,2025-01-28,11.54,1.5,10.04,5
974,CUST275,Mall Store,Black Panther,Action,2024-12-07,8.82,1.5,7.32,3
975,CUST047,Mall Store,Coco,Animation,2025-07-01,10.53,1.0,9.53,4
976,CUST149,Suburban Store,Finding Nemo,Family,2024-07-26,3.77,0.0,3.77,4
977,CUST098,Mall Store,Doctor Strange,Action,2025-02-03,10.96,3.0,7.960000000000001,9
978,CUST044,Suburban Store,Shrek,Animation,2025-03-24,9.35,0.5,8.85,4
979,CUST013,Suburban Store,Captain Marvel,Action,2024-09-01,6.89,0.0,6.89,9
980,CUST274,Mall Store,Shrek,Animation,2024-01-17,2.37,0.0,2.37,3
981,CUST022,Mall Store,Guardians of the Galaxy,Action,2024-05-01,4.12,3.0,1.12,0
982,CUST275,Downtown Store,Doctor Strange,Action,2025-08-16,4.33,0.0,4.33,2
983,CUST073,Mall Store,Guardians of the Galaxy,Action,2024-01-20,6.71,2.0,4.71,2
984,CUST067,Downtown Store,Aladdin,Family,2024-06-25,8.33,1.0,7.33,3
985,CUST088,Suburban Store,Finding Nemo,Family,2024-03-06,10.18,0.0,10.18,5
986,CUST113,Downtown Store,Shrek,Animation,2024-07-26,6.26,3.0,3.26,4
987,CUST062,Suburban Store,Zootopia,Animation,2025-08-12,7.46,1.0,6.46,6
988,CUST024,Suburban Store,Inside Out,Animation,2024-06-26,5.36,0.0,5.36,6
989,CUST213,Downtown Store,Toy Story 4,Animation,2025-01-13,7.53,1.5,6.03,6
990,CUST021,Downtown Store,Black Panther,Action,2024-04-12,9.91,3.0,6.91,12
991,CUST081,Downtown Store,Inside Out,Animation,2025-05-13,2.81,0.0,2.81,2
992,CUST146,Mall Store,Joker,Drama,2025-05-02,8.92,0.5,8.42,8
993,CUST139,Suburban Store,Coco,Animation,2025-04-06,6.12,0.5,5.62,2
994,CUST093,Suburban Store,Moana,Family,2025-05-26,8.12,0.0,8.12,12
995,CUST215,Downtown Store,Inception,Sci-Fi,2025-07-25,4.36,0.0,4.36,2
996,CUST186,Suburban Store,Moana,Family,2025-06-03,4.19,3.0,1.1900000000000004,0
997,CUST028,Downtown Store,It Chapter Two,Horror,2024-04-25,9.97,3.0,6.970000000000001,12
998,CUST091,Downtown Store,Shrek,Animation,2024-02-14,2.54,1.0,1.54,0
999,CUST223,Mall Store,Captain Marvel,Action,2024-12-08,8.17,1.5,6.67,3
1000,CUST027,Suburban Store,The Lion King,Family,2024-06-29,3.58,0.0,3.58,4
